name,n_members
announcements,307637503
funny,63920084
AskReddit,48597308
gaming,43603831
worldnews,41113833
todayilearned,38027028
aww,36883880
Music,34899012
memes,34183794
movies,33711754
science,32871150
Showerthoughts,32726952
pics,31125587
Jokes,29827177
news,28722870
videos,26833716
space,26636042
askscience,25650120
DIY,25347426
books,25109508
nottheonion,24823789
mildlyinteresting,23979011
food,23838118
EarthPorn,23716283
GetMotivated,23050208
explainlikeimfive,22938309
LifeProTips,22702846
gadgets,22615145
IAmA,22540859
Art,22403357
gifs,21620233
sports,21318928
dataisbeautiful,21202731
AmItheAsshole,20888142
Futurology,20822131
Documentaries,20376312
UpliftingNews,20022088
personalfinance,19835559
tifu,18610644
OldSchoolCool,18592050
WritingPrompts,18492999
history,18213691
philosophy,18048168
nosleep,18019375
Damnthatsinteresting,17499291
wholesomememes,17351849
television,17318605
technology,17224998
wallstreetbets,16775644
InternetIsBeautiful,16630207
creepy,14890990
NatureIsFuckingLit,14503925
relationship_advice,14031760
lifehacks,13704830
TwoXChromosomes,13653010
nba,13159212
pcmasterrace,13138643
interestingasfuck,12734206
ContagiousLaughter,12048664
Fitness,11973911
travel,11877420
dadjokes,11787840
HistoryMemes,11535025
oddlysatisfying,11384228
anime,11315401
Unexpected,11048429
nfl,10495088
MadeMeSmile,10331487
EatCheapAndHealthy,10188245
NetflixBestOf,10063012
AdviceAnimals,9952252
confession,9849580
tattoos,9288631
nextfuckinglevel,8991325
CryptoCurrency,8722109
politics,8660924
mildlyinfuriating,8386858
BeAmazed,8280319
facepalm,8260538
FoodPorn,8062282
stocks,7811924
Minecraft,7722519
leagueoflegends,7649136
place,7648494
me_irl,7629953
soccer,7577607
Whatcouldgowrong,7562103
Parenting,7536131
europe,7508339
buildapc,7341827
therewasanattempt,7248181
ChatGPT,7247178
rarepuppers,7244818
gardening,7221327
PS5,7164869
NintendoSwitch,7160370
Bitcoin,7100561
WTF,7059341
cats,6979407
FunnyAnimals,6787893
cars,6784841
programming,6493938
AskMen,6329954
MakeupAddiction,6193417
starterpacks,6185176
CozyPlaces,6147858
dankmemes,5935742
malefashionadvice,5932626
Tinder,5929502
BlackPeopleTwitter,5914298
Overwatch,5839674
apple,5670859
Frugal,5601787
PS4,5565277
woodworking,5543508
socialskills,5515574
coolguides,5465459
photography,5442614
YouShouldKnow,5412826
entertainment,5388004
foodhacks,5361352
bestof,5340700
drawing,5313478
nutrition,5243137
CrappyDesign,5240131
femalefashionadvice,5237258
RoastMe,5204320
dating,5143644
FortNiteBR,5080231
pokemongo,5033636
NoStupidQuestions,5002916
Sneakers,4962975
technicallythetruth,4947915
MealPrepSunday,4944856
boardgames,4942734
backpacking,4937922
ModernWarfareII,4912494
battlestations,4903608
XboxSeriesX,4834664
anime_irl,4784302
TravelHacks,4755081
streetwear,4753926
BikiniBottomTwitter,4730667
MapPorn,4711093
PublicFreakout,4696059
Economics,4690819
KidsAreFuckingStupid,4667774
biology,4663356
camping,4647668
hiphopheads,4594704
dating_advice,4577599
Shoestring,4573823
OnePiece,4564874
pokemon,4562460
pettyrevenge,4562002
HomeImprovement,4409332
unpopularopinion,4370467
formula1,4364789
PremierLeague,4357526
strength_training,4330953
Eyebleach,4321880
TikTokCringe,4309271
scifi,4302859
blackmagicfuckery,4296277
marvelstudios,4227625
nonononoyes,4187663
bodyweightfitness,4170127
woahdude,4156997
MovieDetails,4145556
learnprogramming,4134257
MaliciousCompliance,4091836
Cooking,4087344
IdiotsInCars,4085641
Entrepreneur,4076493
Steam,4055870
hardware,4050699
popculturechat,4049307
iphone,4038132
loseit,4016738
SkincareAddiction,4014710
Animemes,4012386
UnresolvedMysteries,4009278
manga,4008633
unitedkingdom,3983497
careerguidance,3981307
xboxone,3978063
homeautomation,3974932
solotravel,3956050
ProgrammerHumor,3941294
CFB,3873334
marvelmemes,3861625
Daytrading,3857938
spaceporn,3853228
DnD,3850036
psychology,3799516
Design,3792802
comicbooks,3770021
StarWars,3735268
keto,3731756
changemyview,3724721
Eldenring,3715364
Fantasy,3697522
Wellthatsucks,3678801
DiWHY,3661812
pcgaming,3658424
Hair,3649141
ThriftStoreHauls,3621999
running,3579209
compsci,3567231
Fauxmoi,3561294
roadtrip,3560148
relationships,3531888
PewdiepieSubmissions,3493692
maybemaybemaybe,3489668
HolUp,3479195
motorcycles,3477570
recipes,3455725
PrequelMemes,3450848
podcasts,3437779
ExpectationVsReality,3434042
LivestreamFail,3422645
WeAreTheMusicMakers,3421779
OutOfTheLoop,3396446
gameofthrones,3343398
kpop,3341373
math,3332176
HistoryPorn,3325415
Games,3323791
howto,3317670
ethereum,3310195
TaylorSwift,3308840
cursedcomments,3306698
productivity,3281836
offmychest,3247065
indieheads,3224840
MMA,3222898
DestinyTheGame,3210045
DunderMifflin,3204603
raspberry_pi,3202070
chemistry,3195736
homestead,3189341
HealthyFood,3182701
singularity,3171628
teslamotors,3169661
ArtefactPorn,3160716
frugalmalefashion,3160593
Baking,3159589
Genshin_Impact,3157513
Nails,3148041
spacex,3131229
WhitePeopleTwitter,3125593
oddlyspecific,3108567
sciencememes,3101024
google,3087091
funnysigns,3072353
teenagers,3069677
StockMarket,3067642
Health,3065502
JapanTravel,3052547
MinecraftMemes,3049638
fantasyfootball,3034488
assholedesign,3031732
suggestmeabook,3016701
horror,2994879
ksi,2991805
zelda,2975028
Meditation,2974459
MurderedByWords,2972854
yesyesyesyesno,2959822
Astronomy,2951466
writing,2944352
canada,2942347
bodybuilding,2941411
toptalent,2927873
MachineLearning,2923004
atheism,2909663
trashy,2903269
Marvel,2900975
Android,2899583
apexlegends,2883881
mac,2874026
antiwork,2845326
Physics,2841000
Filmmakers,2830674
meirl,2827822
whatisthisthing,2825191
wow,2823651
harrypotter,2804063
yoga,2781152
FanTheories,2778711
rareinsults,2772757
vandwellers,2763023
investing,2762176
Boxing,2760938
AsianBeauty,2759150
rickandmorty,2754604
hacking,2748869
legaladvice,2745847
UFOs,2740131
DoesAnybodyElse,2734880
baseball,2729959
Fishing,2724530
EDM,2721310
CollegeBasketball,2720547
CampingandHiking,2700890
GetStudying,2692055
techsupport,2684826
dogs,2680449
OUTFITS,2672069
sex,2659234
Watches,2636391
shitposting,2635957
oddlyterrifying,2635485
breakingbad,2628477
electronicmusic,2626802
xxfitness,2614883
GTA,2610042
Coronavirus,2609324
lotrmemes,2606617
meme,2600958
webdev,2596060
3Dprinting,2595708
comics,2586011
Naruto,2582267
mlb,2576293
ChoosingBeggars,2561669
SweatyPalms,2561377
GlobalOffensive,2556294
BeautyGuruChatter,2556175
de,2546088
Twitch,2541879
popheads,2524051
tipofmytongue,2510633
PUBATTLEGROUNDS,2503647
Guitar,2499430
BuyItForLife,2489085
college,2485615
AnimalCrossing,2482624
analog,2466171
dogecoin,2460696
WinStupidPrizes,2455362
languagelearning,2449619
CasualConversation,2440500
india,2437798
natureismetal,2426320
AbruptChaos,2424956
progresspics,2414525
shittyfoodporn,2413994
houseplants,2413865
hockey,2411126
BaldursGate3,2404089
CasualUK,2395570
youtube,2393966
javascript,2393576
VALORANT,2383928
AITAH,2372396
Metal,2361598
learntodraw,2353377
thewalkingdead,2348770
nhl,2343747
spotify,2327071
clevercomebacks,2324520
StardewValley,2322652
business,2316632
mexico,2316070
PixelArt,2314455
TrueOffMyChest,2313797
graphic_design,2303943
sidehustle,2296024
ethtrader,2293273
brasil,2280369
financialindependence,2268479
nintendo,2267396
FiftyFifty,2256827
digitalnomad,2237831
StupidFood,2236582
WhatsWrongWithYourDog,2232655
Philippines,2230765
terriblefacebookmemes,2211874
ATBGE,2208521
povertyfinance,2204149
introvert,2193345
Mommit,2190176
Roadcam,2186291
PoliticalDiscussion,2183906
datascience,2179870
southpark,2161516
CrazyFuckingVideos,2161360
minimalism,2150490
ShingekiNoKyojin,2149907
conspiracy,2144929
AskHistorians,2139794
malelivingspace,2137880
StrangerThings,2129592
Justrolledintotheshop,2123474
australia,2118500
AskEngineers,2116152
fightporn,2115619
ufc,2113698
grilling,2111350
hiking,2104349
rap,2099346
animememes,2096003
CryptoMoonShots,2090584
literature,2085631
Coffee,2084875
skyrim,2083146
iamatotalpieceofshit,2081720
insanepeoplefacebook,2072478
audiophile,2058342
france,2056438
homeowners,2055086
trees,2050029
classicalmusic,2049665
roblox,2047532
LongDistance,2046409
Poetry,2043843
BestofRedditorUpdates,2035398
forbiddensnacks,2029355
entitledparents,2018801
BokuNoHeroAcademia,2014454
perfectlycutscreams,2011623
Rainbow6,2007515
Amd,2002649
30PlusSkinCare,1999493
OnePunchMan,1994600
finance,1986264
cosplay,1976288
hmmm,1973265
madlads,1970704
vinyl,1953299
JusticeServed,1951400
reddeadredemption,1947617
elonmusk,1947103
ADHD,1931231
softwaregore,1926456
hearthstone,1926088
pennystocks,1923564
ThatsInsane,1913853
TheLastAirbender,1912513
JUSTNOMIL,1910772
selfimprovement,1910557
MangaCollectors,1909241
AnimeART,1906927
dbz,1903860
cscareerquestions,1902612
holdmycosmo,1894179
wallpaper,1888501
cookingforbeginners,1885088
JuJutsuKaisen,1882943
OpenAI,1880668
AskAcademia,1869732
nvidia,1864703
realestateinvesting,1861787
flexibility,1860665
thelastofus,1860403
Piracy,1845139
lego,1844978
RealEstate,1830645
TooAfraidToAsk,1824668
Satisfyingasfuck,1819742
cyberpunkgame,1806532
halo,1799124
smallbusiness,1798873
CatastrophicFailure,1780559
UnethicalLifeProTips,1776842
sewing,1773357
AbsoluteUnits,1771028
aviation,1770760
FashionReps,1767640
TattooDesigns,1760635
algotrading,1756666
Makeup,1754465
HouseOfTheDragon,1753598
ich_iel,1752975
vegan,1747335
Skincare_Addiction,1745295
GymMemes,1745145
CombatFootage,1738941
getdisciplined,1733067
AskUK,1732203
architecture,1726016
startups,1717352
netflix,1702459
gamedev,1699573
tennis,1694960
Screenwriting,1693704
TIHI,1690207
Fallout,1690123
learnart,1678195
jobs,1678189
HunterXHunter,1677682
Journaling,1675484
PoliticalHumor,1668221
fragrance,1660951
DisneyPlus,1656494
RocketLeague,1654347
CharacterAI,1648532
thalassophobia,1624421
worldbuilding,1615777
virtualreality,1603447
Cricket,1592320
astrology,1589030
snowboarding,1571532
DotA2,1565095
theydidthemath,1563788
gtaonline,1563700
MovieSuggestions,1560815
crossfit,1555364
environment,1554203
niceguys,1544037
rpg,1543290
Basketball,1543132
Weird,1537710
childfree,1533698
AskHR,1533645
2meirl4meirl,1525553
animation,1519611
PersonalFinanceCanada,1515272
Pizza,1513059
StardustCrusaders,1510966
climbing,1508762
socialmedia,1503841
skiing,1499493
daddit,1498255
thatHappened,1498046
AskEurope,1492911
KerbalSpaceProgram,1491746
cringepics,1489734
funnyvideos,1479620
TheWayWeWere,1474057
Helldivers,1472969
BollyBlindsNGossip,1472656
UKPersonalFinance,1467488
TheBoys,1467130
Sims4,1462679
truegaming,1460423
tumblr,1451344
ifyoulikeblank,1437550
LoveIsBlindOnNetflix,1437072
ShouldIbuythisgame,1436129
crochet,1434225
HobbyDrama,1433771
linux,1433737
wholesomeanimemes,1424458
Terraria,1423486
self,1421583
marketing,1419186
CreditCards,1413248
singapore,1411147
greentext,1406537
insaneparents,1406097
privacy,1405933
TwoSentenceHorror,1402179
awfuleverything,1401018
MechanicAdvice,1389589
CODWarzone,1386509
IWantToLearn,1383062
Paranormal,1382621
NASCAR,1375762
chess,1375667
BrandNewSentence,1372728
JoeRogan,1363192
simpleliving,1362357
nostalgia,1359529
UrbanHell,1351419
japan,1345028
Nbamemes,1343299
cringe,1336172
Shitty_Car_Mods,1334183
midjourney,1331359
beermoney,1329981
modernwarfare,1329719
golf,1326322
playstation,1322506
KimetsuNoYaiba,1320516
4chan,1319530
AskEconomics,1316385
FinancialCareers,1305115
smashbros,1303969
curlyhair,1303515
indiasocial,1298340
sadcringe,1288529
TheSimpsons,1288190
MechanicalKeyboards,1286891
thenetherlands,1286093
ImTheMainCharacter,1283175
IllegallySmolCats,1280405
CallOfDuty,1279148
Python,1278861
FUCKYOUINPARTICULAR,1277749
SipsTea,1270623
whatsthisplant,1267778
deadbydaylight,1266906
pregnant,1263815
headphones,1258266
ramen,1253578
Disneyland,1252573
HydroHomies,1251809
Hololive,1251496
PhotoshopRequest,1246214
freefolk,1240400
london,1239828
IASIP,1235692
debtfree,1234911
AMA,1232012
blender,1224980
agedlikemilk,1214292
help,1213849
TrueCrimeDiscussion,1212590
shittyaskscience,1202940
booksuggestions,1202757
indiameme,1201540
DecidingToBeBetter,1200603
electronics,1199782
ShitPostCrusaders,1198412
Celebhub,1197834
options,1196051
Bundesliga,1190883
Dogtraining,1187979
witcher,1179826
Aquariums,1175331
minipainting,1173451
resumes,1172881
discordapp,1171453
diablo4,1171346
Homebrewing,1170514
Brawlstars,1166950
Glitch_in_the_Matrix,1164454
gravityfalls,1164125
whatsthisbug,1163707
NoFap,1155846
Instagramreality,1154086
EASportsFC,1154080
beards,1148866
confessions,1148754
DCcomics,1146357
bicycling,1145951
dndmemes,1143840
homegym,1143767
brooklynninenine,1142101
ChainsawMan,1139150
ffxiv,1138928
argentina,1136919
RedditPregunta,1135226
Teachers,1134161
copypasta,1133975
weddingplanning,1132599
lgbt,1126755
Conservative,1126640
boxoffice,1126446
familyguy,1124263
Superstonk,1121479
BitcoinBeginners,1117379
3Dmodeling,1116417
ApplyingToCollege,1114491
airpods,1113350
shittymoviedetails,1112877
datingoverthirty,1110624
AccidentalRenaissance,1108622
UnusualVideos,1108485
VietNam,1105754
PokemonScarletViolet,1102620
JustGuysBeingDudes,1097952
bollywood,1097668
GooglePixel,1097637
ZeroWaste,1095401
GTA6,1092126
Minecraftbuilds,1090317
bleach,1089802
im14andthisisdeep,1084519
weirddalle,1081887
confidentlyincorrect,1079917
tooktoomuch,1078991
microsoft,1078978
wiiu,1078249
3DS,1076838
Breadit,1076156
ClashRoyale,1068359
korea,1064367
Turkey,1064251
LeopardsAteMyFace,1062713
Twitter,1057882
landscaping,1057486
lakers,1055510
KendrickLamar,1054072
okbuddyretard,1051185
Cruise,1049668
2007scape,1049614
parrots,1048725
depression,1047052
warriors,1043930
futurama,1041661
nbadiscussion,1039690
ask,1039560
cosplayers,1039555
Animesuggest,1037736
Advice,1037564
HomeDecorating,1036762
UNBGBBIIVCHIDCTIICBG,1033957
cycling,1033013
AskCulinary,1032151
hometheater,1031601
economy,1028133
Nicegirls,1024873
AskAnAmerican,1023767
Autos,1023530
Eminem,1022498
AskPhysics,1022286
Funnymemes,1019646
FunnyandSad,1016439
manhwa,1014397
photoshop,1013019
notinteresting,1010938
Warhammer40k,1008695
everymanshouldknow,1008178
singing,1006924
EscapefromTarkov,1005859
SkincareAddicts,1005808
reddit.com,1005660
RobinHood,1004721
JapaneseFood,1003507
Spiderman,1002325
nflmemes,1001921
lotr,999564
Breath_of_the_Wild,999455
ireland,997254
beauty,996005
weed,994738
westworld,993897
blunderyears,992877
Memes_Of_The_Dank,989664
TalesFromTheFrontDesk,978291
dankvideos,977231
raisedbynarcissists,976996
hiphop101,972126
malaysia,971120
megalophobia,969636
NewToReddit,967669
notliketheothergirls,965977
WWE,965879
cybersecurity,960626
antimeme,960500
SquaredCircle,948125
asoiaf,947318
betterCallSaul,947260
SubredditDrama,946034
AccidentalComedy,945487
HaircareScience,944311
buildapcsales,944196
Instagram,943945
tattoo,943398
poland,943325
NoMansSkyTheGame,942289
KDRAMA,941837
sysadmin,940644
piano,939840
intermittentfasting,936880
bonehurtingjuice,936117
gamernews,933432
spicy,932377
GodofWarRagnarok,932010
rupaulsdragrace,930492
formuladank,927099
GameDeals,925364
TheSilphRoad,922085
InteriorDesign,920883
RedditLaqueristas,920518
Romania,919182
darksouls,918750
SpyxFamily,916563
artificial,915819
ukraine,914335
destiny2,911952
Starfield,911866
IndianFood,910541
nyc,909923
Accounting,907231
justneckbeardthings,903060
aliens,902655
developersIndia,902094
MLS,901708
technews,901568
LegalAdviceUK,901266
CrossStitch,899498
startrek,897523
Metalcore,897401
IndiaCricket,897263
fantasywriters,896575
IndiaSpeaks,896311
web_design,896258
football,895614
ontario,894404
metalworking,894010
Jazz,891197
HighStrangeness,890748
tea,890254
FinancialPlanning,888871
intel,888373
Scams,887686
MarvelStudiosSpoilers,886389
GreatBritishMemes,886092
KoreanFood,885632
eupersonalfinance,884745
CleaningTips,884068
casualiama,884024
britishproblems,883313
Repsneakers,881325
AppleWatch,880402
suicidebywords,879083
germany,877797
Cyberpunk,876297
IndiaInvestments,875207
tf2,875100
evangelion,875045
nursing,874303
Illustration,873420
Kanye,873025
melbourne,871455
findfashion,871132
HonkaiStarRail,869955
FullmetalAlchemist,868149
femalelivingspace,867274
bestoflegaladvice,864898
AskScienceFiction,861781
GameTheorists,861365
StandUpComedy,860758
doctorwho,858958
futebol,856041
smarthome,853383
learnpython,852987
fantasybball,846272
Battlefield,845905
guns,844487
malegrooming,844197
Anticonsumption,843044
antiMLM,841194
AutoDetailing,840197
Patriots,839475
MakeNewFriendsHere,839450
eu_nvr,837943
LateStageCapitalism,837453
delhi,837197
TrollXChromosomes,834360
lostredditors,828138
goldenretrievers,824302
OSHA,823892
bjj,823479
community,823456
pathofexile,820630
UkraineWarVideoReport,818821
sweden,816070
CampingGear,815411
Rabbits,814905
geography,814243
NoahGetTheBoat,810976
EngineeringStudents,809781
HollowKnight,809375
Cheese,805712
ActualPublicFreakouts,805691
BackYardChickens,804648
LiminalSpace,802507
soccercirclejerk,801630
ArtificialInteligence,800258
Celebs,799876
IndianStockMarket,799642
centuryhomes,799471
piercing,799069
euphoria,795339
Tools,795255
toronto,794369
botecodoreddit,794202
xbox,793403
magicTCG,789224
BoJackHorseman,788968
playboicarti,788791
BlackPink,788529
Cartalk,786101
dndnext,783289
AskOuija,780248
tearsofthekingdom,779936
SuccessionTV,779785
Awww,778222
seriouseats,778058
DataHoarder,777896
MonsterHunter,777600
onebag,776475
googlehome,776246
GradSchool,775995
yugioh,775274
RBI,774751
lawncare,773169
LSD,773157
PeterExplainsTheJoke,772791
TwoHotTakes,772110
talesfromtechsupport,771707
smoking,770271
NFL_Draft,770054
BritishTV,769933
holdmycatnip,768267
Marriage,765006
ABoringDystopia,764673
Costco,764275
edmproduction,762801
TerrifyingAsFuck,762695
90DayFiance,762355
apolloapp,760779
NotHowGirlsWork,759507
ThailandTourism,756753
AskOldPeople,754753
WitchesVsPatriarchy,754687
AskElectronics,753216
LawSchool,752342
subnautica,749636
Warframe,749020
plantclinic,747194
DesignMyRoom,746031
KitchenConfidential,745327
medicalschool,741908
SteamDeck,741617
pelotoncycle,738197
shrooms,738137
shittytattoos,737070
assassinscreed,736377
snakes,734859
batman,733903
recruitinghell,733239
SCP,732352
excel,732111
premed,731284
FantasyPL,731059
bangalore,730343
PiratedGames,729128
KGBTR,729086
calvinandhobbes,722976
Markiplier,722312
Sephora,720986
WorkReform,720822
jailbreak,720420
beyondthebump,719370
nope,718283
PetiteFashionAdvice,717489
Anxiety,717258
selfie,716519
steak,714955
mycology,713520
FrankOcean,713245
BoomersBeingFools,712783
foraging,712065
BravoRealHousewives,711847
mumbai,710112
Leathercraft,708227
gentlemanboners,707513
lululemon,706675
ClashOfClans,705178
homelab,704730
Gamingcirclejerk,699539
chile,696947
LiveFromNewYork,696754
LearnJapanese,695991
Buddhism,695964
haikyuu,695934
HadesTheGame,693343
LosAngeles,692865
FinalFantasy,692237
MemePiece,691963
wallpapers,691337
conversas,691115
beyonce,689897
Dachshund,689406
vexillology,688451
patientgamers,687937
OffMyChestPH,686358
Ultralight,686280
seinfeld,685198
WaltDisneyWorld,684990
residentevil,684560
BobsBurgers,684344
thesims,683802
polandball,683258
bangtan,682031
rugbyunion,681684
reddevils,681507
lanadelrey,680309
r4r,678305
indonesia,678236
RandomThoughts,677886
OneOrangeBraincell,676839
BBQ,673404
PokemonSwordAndShield,671554
Colombia,670853
LoveIslandTV,670092
interesting,669357
geopolitics,669120
playrust,668862
greysanatomy,668016
LinkedInLunatics,667826
arduino,666675
newzealand,665708
gifsthatendtoosoon,665583
adhdmeme,662915
theyknew,661296
FORTnITE,661237
gamingnews,659783
findapath,651655
texas,648350
RATS,648262
SelfAwarewolves,647663
labrats,646142
DIYUK,645662
boston,644165
summonerschool,643691
sydney,642513
DMAcademy,642003
HairDye,640652
bostonceltics,639643
FortniteCompetitive,638927
ShitAmericansSay,637037
PropagandaPosters,635902
HongKong,633392
fo4,632204
HomeworkHelp,631925
AskDocs,631898
bayarea,631590
AusFinance,631133
blackcats,630645
Stoicism,630430
techsupportgore,628634
Finanzen,625984
twice,625655
interiordecorating,623455
Thailand,622056
weddingshaming,622044
sailing,620606
castiron,619519
MilitaryPorn,618671
DigitalArt,617788
darksouls3,617744
BeginnerWoodWorking,616927
declutter,614901
GYM,614588
GoCommitDie,613145
overlord,612722
h3h3productions,610784
Volumeeating,609190
classicwow,608178
churning,605860
careeradvice,605353
TalesFromYourServer,604960
ghibli,604594
Palworld,602590
espresso,601407
audioengineering,601106
Adulting,600836
portugal,600567
csgo,599740
sleep,599212
WorkOnline,598760
bisexual,598619
Seattle,597490
animenocontext,597432
VisitingIceland,595955
dividends,594471
HelpMeFind,594401
Polska,592191
CrackWatch,590170
CODZombies,589123
fivenightsatfreddys,589122
popping,586807
civ,585980
japanlife,585189
realasians,584991
NBA2k,584732
Tokyo,584361
IsItBullshit,583798
musictheory,583586
PoliticalCompassMemes,582687
de_IAmA,581118
AskPhotography,579225
findareddit,578545
IndianDankMemes,578375
LeagueOfMemes,577695
thebachelor,577518
statistics,577159
menwritingwomen,576986
DINgore,576731
visualnovels,575733
TheMandalorianTV,574183
chromeos,574004
badwomensanatomy,573022
CitiesSkylines,571535
Komi_san,571451
chicago,571380
Seaofthieves,569940
DungeonsAndDragons,568014
cordcutters,566718
freelance,566340
Money,565721
Austria,565623
Sidemen,565228
MonsterHunterWorld,564801
StableDiffusion,564782
scambait,564369
InstaCelebsGossip,564210
Berserk,563582
Fire,562178
LucidDreaming,562095
LiverpoolFC,562061
attackontitan,561934
powerlifting,558187
starwarsmemes,556571
taiwan,556038
dune,555468
trans,554603
passive_income,554036
phinvest,552723
StudentLoans,547371
Sat,547338
femboy,544627
instantpot,543132
vancouver,542201
stopdrinking,541976
GilmoreGirls,541408
ItHadToBeBrazil,541056
Bad_Cop_No_Donut,540343
survivor,540190
actuallesbians,539849
MexicoCity,539470
whowouldwin,539256
hungary,538761
whenthe,536066
EntitledPeople,535973
OculusQuest,534887
fashion,531755
AnarchyChess,530469
ABraThatFits,530093
mbti,528290
DnDBehindTheScreen,528182
adventuretime,528086
California,527552
amcstock,526360
desabafos,525912
CanadianInvestor,525704
1200isplenty,525238
Sourdough,523411
anime_titties,522465
sanfrancisco,521311
oculus,519455
EntrepreneurRideAlong,516714
philadelphia,516523
collapse,516309
Bogleheads,516145
longhair,515631
appletv,515048
berlin,514260
RimWorld,513427
mathmemes,512503
fasting,512199
Genshin_Impact_Leaks,512159
amiugly,509331
valheim,509112
reddeadredemption2,508034
fo76,507829
196,507310
saopaulo,507022
Undertale,506769
sushi,506245
LosAngelesRams,506129
Angryupvote,505107
China,504823
CricketShitpost,504485
Libertarian,503470
knitting,503149
torontoraptors,501721
awardtravel,500801
EDC,499341
ukpolitics,498993
Diablo,498926
SuicideWatch,498845
gundeals,498398
engineering,497960
Swingers,496938
MemeVideos,496344
Scotland,496233
unixporn,495512
Psychonaut,494287
wirklichgutefrage,494224
mentalhealth,493026
Carpentry,492998
Doom,491490
Witcher3,491458
fixedbytheduet,490413
medicine,489693
AskACanadian,489144
HermanCainAward,487169
Military,485013
ecommerce,483373
dayz,483134
LetsTalkMusic,482261
Atlanta,482001
SmashBrosUltimate,480062
legaladvicecanada,479717
StreetFighter,478882
raimimemes,478479
amex,477379
DeadBedrooms,476183
StarWarsBattlefront,475964
AskMenOver30,475521
GTAV,474877
whatcarshouldIbuy,474726
witchcraft,474229
SkincareAddictionUK,474035
Switzerland,473846
imaginarymaps,473088
Christianity,472918
democrats,472665
Austin,472541
BatmanArkham,471675
GreenBayPackers,471338
Smite,470855
UkrainianConflict,470406
lastimages,469474
TrueFilm,469255
NonPoliticalTwitter,468768
preppers,468299
AskIndia,468235
horrorlit,467612
thegrandtour,467510
ElderScrolls,466155
skyrimmods,465792
askgaybros,465122
Millennials,464708
gainit,464608
HowToHack,464066
unitedstatesofindia,463851
Warthunder,463781
Norway,463472
goodanimemes,463347
beautytalkph,462590
FirstTimeHomeBuyer,462395
beer,462372
ITCareerQuestions,461312
BMW,461270
animegifs,461178
CrusaderKings,460019
socialism,459566
Pandabuy,459217
wholesomegreentext,458692
functionalprint,458660
EuSouOBabaca,458643
TheWhiteLotusHBO,458096
Windows10,458038
GamingLeaksAndRumours,457910
electricians,457770
CarTalkUK,457154
ios,454800
fuckcars,454583
sportsbook,454302
newjersey,453611
GME,453496
bloodborne,453345
Persona5,452671
elderscrollsonline,451529
malehairadvice,451526
houston,451432
DesignerReps,451144
Welding,450633
feedthebeast,450137
cowboys,449496
fireemblem,449071
Stellaris,448684
PrettyGirls,448470
AreTheStraightsOK,448463
WeightLossAdvice,448445
Techno,448415
BabyBumps,448320
ToiletPaperUSA,448213
TheGirlSurvivalGuide,447848
FL_Studio,447773
aves,446810
CelebrityButts,446060
MetalMemes,445883
PlayStationPlus,444770
quotes,444301
CasualPH,443714
trains,443576
gaybros,442552
onions,441180
Grimdank,440796
liluzivert,440497
IAmTheMainCharacter,440408
learnmachinelearning,440215
SexyButClothed,439778
love,438355
Mavericks,437773
FreckledGirls,437559
AdvancedRunning,437529
ipad,435951
dashcamgifs,435572
footballmanagergames,435519
chelseafc,435049
minecraftsuggestions,435005
ARK,434975
musicproduction,433480
legostarwars,433174
discordVideos,432060
stories,432009
ableton,431626
NewTubers,431311
typography,430767
Infographics,430427
tragedeigh,430087
totalwar,430036
MortalKombat,427912
RedDeadOnline,427813
porramauricio,427642
amiwrong,427519
Dallas,427450
IndianGaming,427333
TheRightCantMeme,426701
AusLegal,426469
ChikaPH,424987
forhonor,424949
reactjs,424473
Kerala,424323
DC_Cinematic,423734
bouldering,423570
NorthCarolina,422643
forza,422141
socialanxiety,421793
AskAnAustralian,421599
TeenMomOGandTeenMom2,421534
sixers,421275
Ohio,421249
fatFIRE,421071
hoi4,420008
ShitMomGroupsSay,419914
Swimming,419652
toddlers,419630
starcitizen,419241
Michigan,419206
INDYCAR,418337
Construction,417638
texts,417507
fitmeals,416840
Tekken,416807
borderlands3,415610
StarWarsLeaks,415546
furry,414089
TheOwlHouse,413789
VideoEditing,413735
projectzomboid,413565
Gunners,413550
RepTime,412967
Forex,412863
DOG,412421
doordash,412329
SpidermanPS4,412176
martialarts,410982
PcBuild,410341
computerscience,409373
IndianStreetBets,409261
AskNYC,407689
brisbane,407321
Chadtopia,407079
pyrocynical,406519
gay,406263
BDSMAdvice,406030
trailrunning,406009
GodofWar,405672
wasletztepreis,405590
hardwareswap,405089
uberdrivers,403863
FluentInFinance,403335
masseffect,403051
Drumkits,402500
LinusTechTips,402329
microgrowery,402202
selfhosted,401888
onlyfansadvice,401583
phcareers,400590
britishcolumbia,400454
Watchexchange,400077
askphilosophy,399738
AFL,399576
autism,398995
lonely,398787
badroommates,397160
shortcuts,397079
mildyinteresting,396695
VerifiedFeet,396552
criticalrole,395821
Denver,395025
Pennsylvania,394423
Asmongold,394001
zocken,393745
namenerds,393486
titanfall,393098
HomeNetworking,392887
sandiego,392322
logodesign,392313
weightroom,391971
ik_ihe,391249
ExplainTheJoke,390513
FanFiction,390156
synthesizers,389468
heroesofthestorm,389429
FragReddit,388772
stevenuniverse,388733
manchester,388611
tarot,387837
Roms,387819
factorio,386905
Unity3D,386481
KansasCityChiefs,386426
Bumble,386380
ForzaHorizon,386357
OhNoConsequences,385675
answers,384757
MemeTemplatesOfficial,384687
geometrydash,384666
Chennai,384337
PokemonTCG,384288
trapproduction,383968
tolkienfans,382675
BinIchDasArschloch,382379
washingtondc,382081
CuratedTumblr,382067
polyamory,381729
NonCredibleDefense,381043
retrogaming,380320
DeepRockGalactic,380173
thedivision,379879
Xiaomi,379752
AmITheDevil,379188
MobileLegendsGame,378616
Switch,378394
lostgeneration,378223
samsung,377455
TeamfightTactics,375710
SpaceXLounge,375660
MacOS,375572
whatsthisrock,375344
PERSoNA,374940
49ers,374893
MTB,374811
airsoft,374247
ididnthaveeggs,374134
studentsph,374034
inthenews,374021
sousvide,373836
zillowgonewild,373716
btd6,373492
WouldYouRather,373449
duolingo,373062
simracing,372998
orangecounty,372825
hyderabad,372668
legaladviceofftopic,372551
AirBnB,372366
fixit,372302
Plumbing,369867
Idiotswithguns,368183
Guildwars2,368045
Warhammer,367622
NYYankees,367571
Supplements,367102
cocktails,366673
Borderlands,366669
Calgary,366620
Naturalhair,365126
adhdwomen,364306
MensRights,364137
PERU,364047
florida,363932
HermitCraft,363545
DarwinAwards,362468
emulation,362388
HomeMaintenance,362346
FreeGameFindings,361924
Notion,361780
eu4,361378
MandelaEffect,360993
me_irlgbt,360926
overemployed,360561
German,359978
howyoudoin,359441
ValueInvesting,359272
bali,359183
paris,358249
runescape,357421
puppy101,357376
twinpeaks,357020
sportsbetting,356487
sales,355307
investimentos,354422
GenZ,354007
Flipping,353877
occult,353597
OverwatchUniversity,352039
CHIBears,351747
PizzaCrimes,350594
networking,350371
religiousfruitcake,350231
bi_irl,350020
serbia,349982
Netherlands,349978
devops,349790
bindingofisaac,349675
radiohead,349662
programminghorror,349526
leaves,349357
whatismycookiecutter,349132
leafs,349074
Spanish,348511
DMT,348078
DragonballLegends,347647
traderjoes,347606
televisionsuggestions,347595
pornfree,347311
learnmath,346276
splatoon,346086
dontstarve,345945
EliteDangerous,345698
Competitiveoverwatch,345510
FREEMEDIAHECKYEAH,345500
shittyrainbow6,345313
IndiaTech,345151
knives,345130
StrangeEarth,344538
java,343396
tipofmyjoystick,342659
guitarlessons,342656
F1Technical,342343
alberta,342042
PlantedTank,341785
NewParents,341614
linguistics,341579
osugame,341201
danganronpa,340560
Portland,340458
CallOfDutyMobile,340426
Crunchyroll,339697
HFY,339679
BreakUps,339329
SeattleWA,339196
crossdressing,338796
law,338063
Colorado,337443
minecraftseeds,337142
aiArt,337103
androidapps,335990
Paladins,335960
KingdomHearts,335829
eagles,335731
videogames,335382
iiiiiiitttttttttttt,334915
raidsecrets,334566
Sekiro,334504
kindle,334368
egg_irl,333994
GrandTheftAutoV,333574
homeassistant,332986
tylerthecreator,332804
gamesEcultura,331790
Chiraqology,331545
RomanceBooks,331438
KingOfTheHill,331386
Monero,331178
HeadphoneAdvice,330908
RDR2,330763
puzzles,330623
TrashTaste,330141
asktransgender,329956
Connecticut,329205
cinematography,329178
IncelTears,328983
unclebens,328285
ar15,327991
ThelastofusHBOseries,326530
APStudents,326177
MoldyMemes,325682
flying,324780
SatisfactoryGame,324199
croptopgirls,324150
HousingUK,324010
printSF,323941
CatAdvice,323757
Invincible,323684
SEO,323649
TankPorn,323432
minnesota,322963
steelers,322701
Overwatch_Memes,322253
computers,320519
tattooadvice,320311
HarryPotterGame,320283
PleX,320145
ModernWarfareIII,320024
rant,319979
sololeveling,319935
MagicArena,319852
AnimalCrossingNewHor,319750
thesopranos,319608
grandorder,319351
HIMYM,318575
distressingmemes,318390
electricvehicles,317919
ottawa,317665
windows,317637
badhistory,317463
AndroidGaming,317121
playark,316891
islam,316729
NewsOfTheStupid,315531
CarsIndia,315365
HazbinHotel,314535
MexicoFinanciero,313685
rust,313520
BridgertonNetflix,313462
linuxmasterrace,312824
vosfinances,312260
exmormon,311719
arizona,311370
fountainpens,311280
riodejaneiro,310988
IndianFashionAddicts,310827
Genshin_Memepact,310186
doordash_drivers,310136
StarWarsEU,310033
denvernuggets,309723
xqcow,309195
lawofattraction,309159
Ben10,308286
DarkSouls2,308107
vexillologycirclejerk,307639
montreal,307592
aws,307301
makinghiphop,306665
army,306653
dyinglight,306650
MkeBucks,306486
CoinBase,306473
moviecritic,305727
JordanPeterson,305424
BPD,305215
rpghorrorstories,305128
okbuddychicanery,304961
starcraft,304948
projectcar,304746
CPTSD,304685
RaidShadowLegends,304620
metalgearsolid,304611
travisscott,304373
dragonage,303039
Amsterdam,302857
EnglishLearning,301394
gamecollecting,301142
Virginia,300741
pakistan,300714
evangelionmemes,300680
40kLore,300637
AskFrance,300503
FreeGamesOnSteam,299766
Porsche,299700
dndmaps,299687
walmart,299579
phoenix,299387
fnv,299298
Munich,298967
WrestleFap,298455
naturalbodybuilding,298290
mapporncirclejerk,297698
Deltarune,297498
ufo,296918
BlackClover,296801
AusMemes,296307
NYKnicks,296228
ariheads,296138
linux_gaming,295886
mechmarket,294864
cpp,294707
TOR,294658
Truckers,294562
EDH,294464
Feminism,294406
moderatepolitics,294297
Edmonton,293576
Indiana,293152
Pets,293111
dubai,292835
chessbeginners,292698
csMajors,292645
MouseReview,292481
overclocking,292332
UnearthedArcana,292327
stephenking,291825
AskVet,291694
Mario,291669
oneplus,291498
Dragonballsuper,291419
lordoftherings,290901
starbucks,290604
DiretoDoZapZap,290403
ghostoftsushima,290272
Indiangirlsontinder,290253
perth,289808
The10thDentist,289394
fut,289335
wicked_edge,288916
Jujutsufolk,288787
poker,288568
consulting,288256
Mcat,287942
LesbianActually,287866
Quebec,287577
subaru,287079
morbidquestions,286998
FifaCareers,286699
wizardposting,286638
lostarkgame,286370
bigdickproblems,286279
gachagaming,286199
SydneySweeney,286128
spotted,285919
onguardforthee,285906
90dayfianceuncensored,285654
dankruto,285368
RocketLeagueEsports,284992
survivinginfidelity,284596
MtF,284308
node,284066
coaxedintoasnafu,284047
nova,283758
Bass,283557
NYGiants,283493
realmadrid,282550
gaymers,282444
personalfinanceindia,282227
blackopscoldwar,281754
Ratschlag,281492
MinecraftCommands,280951
Gunpla,280939
leangains,280899
1500isplenty,280773
WerWieWas,280506
Dinosaurs,280470
discgolf,280329
newworldgame,280235
fromsoftware,279522
mountandblade,279310
Warzone,279276
CICO,279252
videography,279203
england,279045
sffpc,278988
buhaydigital,278680
nrl,278595
progmetal,278464
punk,278330
ForeverAloneDating,277022
furry_irl,276807
microdosing,276764
linuxquestions,276407
FuckImOld,276225
tacticalgear,276121
golang,275619
CodeGeass,275298
DestinyFashion,275200
bourbon,275125
lfg,274998
tja,274806
paydaytheheist,274750
DnB,274686
AfterEffects,274451
feminineboys,273828
PlasticSurgery,273809
Biohackers,273668
dropship,273660
Supernatural,273605
wholesomeyuri,273571
Frontend,273412
Boruto,273391
archlinux,273192
tax,273179
Seahawks,272956
newyorkcity,272862
adultingph,272796
bengals,272593
minnesotavikings,272537
eurovision,272519
massachusetts,272345
Dodgers,272309
fiaustralia,272262
buffalobills,271750
SonicTheHedgehog,271528
KUWTK,271234
csharp,270984
DDLC,270549
Firearms,270135
russian,270131
rolex,269738
Animewallpaper,268966
BudgetAudiophile,268775
ChatGPTPro,268612
heat,268594
hockeyplayers,268337
FoodLosAngeles,267959
solana,267762
truerateme,267526
EngagementRings,267098
foundsatan,267073
MMORPG,266727
90s,266558
DBZDokkanBattle,266216
apexuniversity,265618
northernireland,265555
AskWomenOver30,265346
afkarena,265171
PokemonROMhacks,264725
etymology,263585
GirlGamers,263551
ProtectAndServe,263261
TheWeeknd,262834
tressless,262811
GODZILLA,262802
askSingapore,262760
gradadmissions,262575
nbacirclejerk,262533
horizon,262488
learnjavascript,262175
norge,261888
PowerShell,261475
sonos,260806
orangetheory,260742
funkopop,260608
gamingsuggestions,260484
Hue,260473
AllThatIsInteresting,260310
HalfLife,260302
DJs,259303
curb,259016
unrealengine,258833
whiskey,258197
weightlifting,257988
Vent,257932
French,257838
Madden,257636
lostmedia,257148
FingMemes,256843
shittydarksouls,256551
moviescirclejerk,256488
SpottedonRightmove,256201
linux4noobs,255897
modelmakers,255468
OkCupid,255270
audiobooks,255129
Audi,254955
NonBinary,254678
Palestine,254610
CringeTikToks,254216
KoreanBeauty,254206
roosterteeth,253692
LAClippers,253651
macbookpro,253318
gamegrumps,253306
youtubers,253265
koreanvariety,253211
xmen,253199
triplej,253008
programacion,252993
MBA,252969
battlefield_one,252958
paradoxplaza,252932
BattlefieldV,252685
shopify,252574
ConanExiles,252414
VanLife,252385
tiktokgossip,252063
TwoXIndia,251891
DogAdvice,251862
SGExams,251836
guitarpedals,251700
wisconsin,251240
whatisthiscar,251090
Destiny,250417
ShinyPokemon,250072
UK_Food,249942
spongebob,249831
ValorantCompetitive,249804
battlemaps,249750
Lovecraft,249716
AskBaking,249610
China_irl,249502
sciencefiction,249382
titanfolk,249371
blackdesertonline,249124
fastfood,248822
Residency,248303
FallenOrder,248043
comicbookmovies,247912
timberwolves,247760
ftm,247714
AirForce,247568
Aktien,247316
TheBear,247256
Pikabu,247013
cheating_stories,246830
GamingLaptops,246812
WarshipPorn,246738
beatles,246098
footballhighlights,246050
Home,245974
southafrica,245680
drums,245615
gaybrosgonemild,245501
nosurf,245099
hypotheticalsituation,244829
detroitlions,244813
maryland,244770
Edinburgh,244718
Stormlight_Archive,244459
FoodVideoPorn,244300
Finland,244205
PokemonGoSpoofing,244017
PergunteReddit,243983
BlueLock,243706
infp,243666
Miami,243418
farcry,243107
PSVR,243061
Egypt,242978
nier,242797
software,242683
bikewrench,242449
HonkaiStarRail_leaks,242448
JRPG,242386
scaryeddie,242072
airfryer,242024
Serverlife,242015
WutheringWaves,241710
Papaplatte,241378
PhoenixSC,241128
suns,240853
androiddev,240818
Etsy,240804
gamedesign,240763
thetagang,240555
animalid,240527
LowSodiumCyberpunk,240451
askTO,240267
wine,239667
AskMechanics,239634
transtimelines,239558
CompTIA,239425
vanderpumprules,239163
volleyball,239159
writers,239093
MuayThai,238946
bipolar,238739
ElectricalEngineering,238647
mensfashion,238320
battlefield2042,238303
swtor,238182
opensource,238031
GlobalOffensiveTrade,237776
Hiphopcirclejerk,237487
animepiracy,237420
OCD,237348
Dashcam,237331
DeathStranding,237268
JustUnsubbed,236867
farialimabets,236699
polls,236648
LightNovels,236234
lies,236156
IndianSkincareAddicts,236108
canadahousing,235913
2westerneurope4u,235288
Presidents,235084
riskofrain,235023
DivinityOriginalSin,234929
Monitors,234858
GIMP,234523
askcarsales,234383
aspiememes,234362
Ubuntu,234286
Hunting,234216
ArtistLounge,233944
HungryArtists,233935
Israel,232932
nashville,232642
SFWRedheads,232303
TedLasso,232296
pittsburgh,232171
SonyAlpha,232070
AnimeMeme,231734
HelluvaBoss,231577
GlowUps,231575
redditmoment,231042
fermentation,230954
Wordpress,230658
Gundam,230497
triathlon,230454
MLBTheShow,229773
PinoyProgrammer,229766
FIREUK,229653
yakuzagames,229424
astrologymemes,229109
amazon,228856
ender3,228685
WarplanePorn,228313
Catholicism,228312
Monopoly_GO,228257
HistoricalCapsule,228221
asexuality,227985
CanadaPolitics,227412
sugarlifestyleforum,227162
ageofsigmar,227036
Machinists,226812
F1Game,226703
TVTooHigh,226679
ManchesterUnited,226235
InternetPH,226199
torrents,225963
CBSE,225809
NewSkaters,225530
darkestdungeon,225477
JuiceWRLD,225473
JeffArcuri,225426
simpsonsshitposting,224329
antinatalism,223829
worldnewsvideo,223722
DnDHomebrew,223657
Borderlands2,223214
miamidolphins,223140
Whatisthis,223026
IndianHipHopHeads,222951
tretinoin,222915
sanantonio,222720
coins,222580
LocalLLaMA,222425
drones,222280
Georgia,221923
Brooklyn,221717
TheExpanse,221411
arknights,221409
ExperiencedDevs,221346
Indian_Academia,221337
kettlebell,221100
PS3,220923
IndieDev,220901
ChineseLanguage,220878
mtg,220415
slaythespire,219851
brasilivre,219640
vegas,219528
lawschooladmissions,218874
goodyearwelt,218688
Drizzy,218656
revancedapp,218587
opendirectories,218460
dataengineering,218444
granturismo,218392
Karma4Free,218332
Gameboy,218298
legal,217878
SexyButNotNude,217822
Korean,217723
researchchemicals,217594
Letterboxd,217532
ElonJetTracker,217242
flashlight,217231
motorcycle,216563
iosgaming,216462
speedrun,216392
criterion,216331
Starlink,216316
stunfisk,215799
RussiaUkraineWar2022,215466
godot,215339
XboxGamePass,215177
DragonsDogma,215050
questions,214849
ravens,214689
NFA,214440
ussoccer,214355
razer,214310
oregon,214157
kingdomcome,214106
whatisit,213582
NameThatSong,213549
PeakyBlinders,213536
TOTK,213351
Chefit,213315
linuxadmin,213225
vintageads,212838
Ubiquiti,212801
repbudgetsneakers,212783
ultrawidemasterrace,212279
ToolBand,212103
CoDCompetitive,212025
internetparents,211890
docker,211722
urbanplanning,211421
CCW,211134
AlternateHistory,211126
SwitchPirates,210959
thomastheplankengine,210677
mauerstrassenwetten,210460
197,210445
liberalgunowners,210445
barstoolsports,210301
ITookAPicturePH,210136
GunAccessoriesForSale,210115
gay_irl,209930
orlando,209914
ancientrome,209877
Charlotte,209727
CelebBattles,209582
indiegames,209521
ETFs,209081
flightsim,209041
AskNetsec,208878
rawdenim,208805
FundieSnarkUncensored,208673
facebook,208372
dashcams,208279
dwarffortress,207961
Honda,207832
ak47,207803
americandad,207699
kpopthoughts,207506
ukdrill,207262
ImmigrationCanada,207125
privacytoolsIO,207060
bluey,206974
SiegeAcademy,206902
Trading,206872
INTP,206809
AnalogCommunity,206650
skeptic,206603
glasgow,206334
wildrift,205941
AzureLane,205858
AppleMusic,205566
Columbus,205374
arcane,205277
Adelaide,205223
reallygorgeous,205176
Metallica,205173
MxRMods,205147
DenverBroncos,204729
mountainbiking,204544
SideProject,204421
CRedit,204316
Re_Zero,203998
QualityReps,203996
infj,203781
Detroit,203730
rpg_gamers,203707
mmamemes,203579
falcons,203560
SQL,203519
redditonwiki,203102
surfing,203051
Telegram,202931
LSAT,202619
Torontobluejays,202611
TikTokFeet,202479
SnapshotHistory,201963
kpophelp,201181
Sacramento,200968
LegendsOfRuneterra,200897
superman,200868
AskAnthropology,200828
thinkpad,200439
Target,200305
oblivion,200304
Modern_Family,200247
kings,200206
3d6,200204
SanJose,200147
UniUK,200038
pinkfloyd,200032
FalloutMods,199846
Standup,199833
Oxygennotincluded,199751
ECE,199734
falloutnewvegas,199668
NFCEastMemeWar,199476
PCOS,199349
PokemonUnite,199342
SaltLakeCity,199209
transformers,199125
MarvelSnap,199060
MalayalamMovies,198632
CarsAustralia,198521
tampa,198506
UKJobs,198436
knifeclub,198338
CelebsWithPetiteTits,197917
RedditForGrownups,197725
musicsuggestions,197695
TeslaModel3,197632
A24,197625
Garmin,197551
conspiracy_commons,197497
HuntShowdown,197336
PCBaumeister,197268
MawInstallation,197242
Twitter_Brasil,197183
HomeKit,196678
ListOfSubreddits,196550
hackintosh,196336
HUEstation,196284
TenseiSlime,196235
DevilMayCry,196138
CrackSupport,196099
Radiology,196042
HardcoreNature,195845
Windows11,195684
Minneapolis,195602
Backcountry,195551
trackers,195518
FireEmblemHeroes,195256
singaporefi,194935
bikecommuting,194804
Eve,194786
sadposting,194537
MandJTV,194338
DreamlightValley,194055
shid_and_camed,193890
dalle2,193853
jewelry,193847
fatestaynight,193641
ynab,193562
firefox,193526
glutenfree,193203
RunningShoeGeeks,193188
wallpaperengine,193020
blogsnark,192870
DuggarsSnark,192520
NevilleGoddard,192406
ForeverAlone,192387
InstacartShoppers,192363
Miata,192362
gratefuldead,192342
PhasmophobiaGame,192264
MakeMeFeelGood,191911
auckland,191906
CozyGamers,191700
Cameras,191391
LudwigAhgren,191255
n64,191250
intj,191125
tf2shitposterclub,190989
NYStateOfMind,190938
VirtualYoutubers,190896
translator,190708
acotar,190633
asklatinamerica,190617
AskArgentina,190556
Guiltygear,190455
advertising,190350
HVAC,190217
VRchat,190144
virginvschad,190134
RWBY,189995
aldi,189924
MiddleClassFinance,189814
AmITheAngel,189648
mariokart,189580
msp,189153
delta,188866
askcarguys,188821
LV426,188596
mercedes_benz,188384
masskillers,188299
taskmaster,188171
arborists,187892
Jung,187727
Wrasslin,187473
ImaginaryWarhammer,187359
Idiomas,187242
Commanders,187241
guitars,187221
deadcells,187074
HiTMAN,186590
Kochen,186180
TipOfMyFork,185988
LasVegas,185981
moreplatesmoredates,185941
phtravel,185786
whatisthisbug,185729
StLouis,185437
mylittlepony,185355
BeautifulIndianWomen,185142
coys,185119
suisjeletroudeballe,185103
80s,185002
Beekeeping,184884
PPC,184841
popheadscirclejerk,184634
ShitLiberalsSay,184598
flipperzero,184392
dankgentina,184199
macgaming,183966
tacobell,183915
PathOfExileBuilds,183795
AskPH,183609
embedded,183457
assettocorsa,183398
artcommissions,183273
spaceengineers,183146
iRacing,183133
dotnet,182892
AdobeIllustrator,182644
ebikes,182237
BokuNoMetaAcademia,182010
7daystodie,182001
Killtony,181898
Bioshock,181809
brdev,181455
OMORI,181430
ems,181375
Washington,181211
analytics,181131
nattyorjuice,180845
tall,180748
tmobile,180678
Emo,180349
Bannerlord,180301
Buttcoin,180287
TokyoGhoul,179980
RemoteJobs,179917
Nirvana,179786
canucks,179768
Wavyhair,179649
TwinCities,179608
FoodNYC,179546
Morrowind,179504
EnterTheGungeon,179452
exmuslim,179427
jovemnerd,179215
Coachella,179129
obs,179035
Morocco,178976
shameless,178825
yourmomshousepodcast,178777
uruguay,178580
wownoob,178494
neoliberal,177824
nyjets,177786
Ebay,177664
Maromba,177587
Chargers,177549
AO3,177411
shrimptank,177351
pihole,177310
kansascity,177102
OldSchoolCelebs,176743
vim,176539
mythology,176438
casualnintendo,176372
GreenAndPleasant,176364
GalaxyWatch,176281
USCIS,176227
climbharder,176096
MCFC,175727
flicks,175474
applehelp,175387
ProductManagement,175368
GenshinImpactTips,175326
Brawlhalla,175234
GermanRap,175101
PHP,174940
YUROP,174696
Slipknot,174487
cartoons,174486
RPClipsGTA,174268
EmulationOnAndroid,174050
Glocks,174042
Testosterone,173876
Vive,173806
okbuddybaka,173520
Surface,173223
CompetitiveTFT,173210
shoujo,173205
C_Programming,173117
FaceRatings,172607
AskHistory,172502
Volkswagen,172372
navy,172359
RoleReversal,172356
Broadway,172266
Decks,172258
aoe2,172030
LifeAdvice,171993
rickygervais,171895
wedding,171776
IKEA,171412
FortniteCreative,171399
askswitzerland,171269
baltimore,171193
Portal,171122
longrange,170990
VinylReleases,170986
BORUpdates,170930
silenthill,170831
raleigh,170779
CompetitiveWoW,170648
gopro,170612
HubermanLab,170582
AusSkincare,170391
TeslaLounge,170390
teslore,170367
jschlattsubmissions,170303
deathgrips,170277
gmod,170008
pharmacy,169812
counterstrike,169647
leetcode,169607
sharktankindia,169541
Toyota,169396
RedLetterMedia,169132
houkai3rd,168996
ps2,168857
justgalsbeingchicks,168767
Metroid,168723
Barca,168422
stalker,168251
Nepal,168035
kdramarecommends,167541
Homebuilding,167330
BG3Builds,167283
AutismInWomen,167251
jerseyshore,167138
needforspeed,167034
HomeServer,166717
Kirby,165819
SWORDS,165789
WFH,165739
Depop,165697
NCAAFBseries,165622
Sims3,165607
expats,165431
VeteransBenefits,165429
Mustang,165342
handbags,165306
AndroidQuestions,165270
Addons4Kodi,165266
Transmogrification,164964
bartenders,164942
fairytail,164637
fujifilm,164589
acnh,164428
StartUpIndia,164354
Deathcore,164337
BillBurr,164038
askmath,163953
arma,163922
GenshinImpact,163893
armoredcore,163541
GenX,163481
RepublicaArgentina,163082
lost,163034
realhousewives,162950
FFVIIRemake,162743
Canning,162728
Socialism_101,162647
ObsidianMD,162444
thefighterandthekid,162362
DebateReligion,162337
farmingsimulator,162169
learnjava,162159
aspergers,162141
scuba,162138
SaaS,162010
OsuSkins,161943
30ROCK,161922
summonerswar,161844
StudentNurse,161650
UberEATS,161580
AnimeFigures,161345
Aliexpress,161319
Landlord,161227
Kenya,161145
fitness30plus,160871
longisland,160838
beziehungen,160725
UXDesign,160617
EpicSeven,160397
medicalschoolanki,160280
SuggestALaptop,160142
Cleveland,160133
projectmanagement,160081
celebrities,159997
Gold,159940
remotework,159880
ihaveihaveihavereddit,159831
WWEGames,159821
Tiktokhelp,159807
ActionFigures,159700
Silverbugs,159573
hopeposting,159496
battlefield_4,159430
solar,159368
Studium,159238
de_EDV,159212
ironscape,159106
EnoughMuskSpam,158997
bapcsalescanada,158698
touhou,158693
Stargate,158633
Trophies,158581
CringePurgatory,158543
CivVI,158515
blenderhelp,158394
humansarespaceorcs,158329
Colts,158276
AZURE,158216
badMovies,158157
doodoofard,158153
rva,158131
AnythingGoesNews,158062
HotWheels,157939
BigBrotherBrasil,157891
fidelityinvestments,157830
PhD,157343
NormMacdonald,157297
laptops,157282
EtsySellers,157110
synology,157013
coloranalysis,156967
bristol,156830
Texans,156769
CFA,156729
cricut,156720
NewOrleans,156697
camphalfblood,156590
NFCWestMemeWar,156412
amateurradio,155917
RetroPie,155831
HellLetLoose,155774
xbox360,155364
carros,155322
amateur_boxing,155254
SigSauer,155243
CriticalTheory,155071
DuelLinks,155004
compoface,154842
Hardcore,154785
beermoneyuk,154746
jobsearchhacks,154732
castlevania,154588
cincinnati,154575
MechanicalEngineering,154500
JEENEETards,154439
AskFeminists,154262
DynastyFF,154194
Doppleganger,154149
Beatmatch,154143
Semenretention,154106
KotakuInAction,154059
saudiarabia,153994
digimon,153797
whatthefrockk,153611
Unity2D,153454
freelanceWriters,153425
MicrosoftFlightSim,153406
jerma985,153245
NoRules,152949
WorldofTanks,152938
bloxfruits,152764
araragi,152733
LogitechG,152652
Xennials,152628
migraine,152595
TeslaModelY,152556
Kenshi,152542
belowdeck,152251
AusPropertyChat,152105
conan,152080
ClassroomOfTheElite,151801
ShitpostXIV,151778
Jujutsushi,151752
bigbangtheory,151686
madmen,151562
Cosmere,151357
berkeley,151164
masterduel,151091
TheWire,151055
Pathfinder_RPG,150972
austinfood,150941
birthcontrol,150838
kollywood,150710
VPN,150595
ExNoContact,150595
work,150552
Cubers,150272
Blogging,150261
beatsaber,150182
InterestingToRead,150098
poppunkers,149872
RVLiving,149751
civilengineering,149698
overwatch2,149690
BrasiIeirasGostosas,149622
Haircare,149510
woweconomy,149375
OnlineDating,149137
remnantgame,149100
grammar,149050
vmware,148802
Fighters,148697
webtoons,148655
indianbikes,148499
identifythisfont,148322
biotech,148224
Xenoblade_Chronicles,148140
sideloaded,148049
snes,148003
war,147824
spicypillows,147804
AskScienceDiscussion,147540
iPadPro,147290
AskProgramming,147251
informatik,147066
JapanTravelTips,146995
FinalFantasyVII,146969
brandonsanderson,146898
podcasting,146869
iOSProgramming,146561
TrueUnpopularOpinion,146518
DarkTide,146506
DesiFragranceAddicts,146149
amazonprime,146036
chrome,145966
joinsquad,145957
HistoryWhatIf,145886
crappymusic,145721
ChatGPTCoding,145536
LPOTL,145512
realonlyfansreviews,145470
humanresources,145307
PokeLeaks,145008
selfpublish,144923
FixMyPrint,144826
kubernetes,144688
AskLosAngeles,144664
InstagramMarketing,144637
dji,144533
shrinkflation,144482
balkans_irl,144453
RoughRomanMemes,144414
nagatoro,144357
AskBalkans,144331
WRX,144213
usajobs,144161
letsplay,144122
teaching,144000
regularshow,143942
incremental_games,143845
Qult_Headquarters,143521
okbuddycinephile,143510
diablo2,143447
warcraftlore,143422
Professors,143417
tollywood,143245
vita,143225
AssassinsCreedOdyssey,143089
MicrosoftRewards,143023
DiscoElysium,142977
RelatosDoReddit,142712
ToyotaTacoma,142654
canon,142649
PHCreditCards,142512
biggboss,142444
Divorce,142377
gravelcycling,142252
youtubedrama,142208
BG3,142116
SeriousConversation,142115
buffy,141879
DokkanBattleCommunity,141628
gallifrey,141621
GhostRecon,141595
MtvChallenge,141421
Anki,141295
indianapolis,141069
videogamedunkey,141061
forsen,141015
PHGamers,140900
electrical,140857
merval,140785
ShitpostBR,140770
Hasan_Piker,140748
raiders,140643
Frieren,140572
SWGalaxyOfHeroes,140562
RetroArch,140561
Catmemes,140488
IBO,140460
premiere,140300
amazonecho,140279
AndroidTV,140020
sadboys,139807
Veterans,139791
TrueDetective,139522
OSINT,139465
Hungergames,139380
REBubble,138962
FlutterDev,138914
FridayNightFunkin,138905
Garten,138897
Genealogy,138871
USMC,138824
Hawaii,138817
vscode,138688
ModernMagic,138349
exchristian,138221
kotor,138076
UtterlyUniquePhotos,137786
Weddingsunder10k,137701
WoT,137632
thefinals,137464
Utah,137444
noveltranslations,137409
editors,137386
linuxmemes,137285
sharpening,137075
typescript,137023
ledgerwallet,136931
bald,136927
Gamecube,136702
Insurance,136625
flightradar24,136386
Argaming,136358
wohnen,136320
amIuglyBrutallyHonest,136223
Perfumes,136040
datingoverforty,135978
SwagBucks,135839
django,135839
retailhell,135838
NZXT,135801
vzla,135797
zlibrary,135479
Enneagram,135422
HENRYfinance,135216
Liverpool,135116
reactnative,135108
VictoriaBC,135103
EDAnonymous,135030
BeamNG,134936
peloton,134927
BambuLab,134770
guitarcirclejerk,134643
snowrunner,134559
smosh,134485
WorldOfWarships,134475
NewGreentexts,134472
LastEpoch,134417
steinsgate,134409
halifax,134322
Corsair,134307
hingeapp,134305
GrandTheftAutoV_PC,134274
CATpreparation,134137
AskSF,134114
CultOfTheLamb,134057
Psychiatry,133974
Blink182,133881
watercooling,133773
BrawlStarsCompetitive,133652
carscirclejerk,133612
PowerBI,133556
Chromecast,133132
admincraft,132990
IntellectualDarkWeb,132848
DaveRamsey,132847
relacionamentos,132828
NYCinfluencersnark,132744
UAE,132741
19684,132570
boulder,132545
gambling,132381
calculus,132279
PurplePillDebate,132185
Dentistry,132106
usenet,132096
23andme,131979
NikkeMobile,131957
mtgfinance,131810
TowerofGod,131500
codes,131459
USPS,131394
cscareerquestionsEU,131259
harborfreight,131156
Nikon,131029
VRGaming,130906
immigration,130858
SisterWives,130710
PaymoneyWubby,130652
HPfanfiction,130643
disneyparks,130481
Prison,130470
Vocaloid,130434
wordington,130369
phish,130204
diabetes,130171
Indiemakeupandmore,130160
TrueChristian,129778
MildlyBadDrivers,129759
KoreanSexy,129755
ShermanPosting,129565
mushroomID,129528
victoria3,129364
HairRaising,129258
GCSE,129167
VampireSurvivors,128947
KGATLW,128909
supportlol,128812
Megaten,128642
ArsenalFC,128637
musicals,128631
dataanalysis,128452
AskAGerman,128441
lethalcompany,128400
GuitarAmps,128315
ProtonMail,128149
AskARussian,127746
ibs,127712
LegalAdviceIndia,127483
mtfashion,127441
NameNerdCirclejerk,127408
learndota2,127406
dragonball,127395
Animedubs,127324
battlecats,127314
therapists,127264
AceAttorney,127260
Manhua,127231
realtors,127223
AEWOfficial,127023
CharacterRant,126933
6thForm,126697
WGU,126687
LAinfluencersnark,126627
OtomeIsekai,126541
audible,126478
Maplestory,126451
RepladiesDesigner,126424
2philippines4u,126274
berserklejerk,126257
GetNoted,126158
AskElectricians,126132
DownvotedToOblivion,126102
PSP,126074
worldofpvp,125921
Xcom,125826
AmIHotSFW,125805
PrintedMinis,125710
ReefTank,125681
mazda,125587
ForgottenWeapons,125506
Firefighting,125418
PhantomForces,125359
GroundedGame,125349
aberBitteLaminiert,125289
Shittyaskflying,125215
referralcodes,125054
redscarepod,124976
GatekeepingYuri,124940
CookieRunKingdoms,124884
DetroitRedWings,124795
weddingdress,124741
PasDeQuestionIdiote,124683
baseballcards,124581
WarhammerCompetitive,124510
lebanon,124436
redstone,124423
nycrail,124183
FFXVI,124144
RedHotChiliPeppers,124006
worldjerking,123938
NFCNorthMemeWar,123708
Winnipeg,123706
HaloStory,123639
SteamVR,123618
nuzlocke,123560
learnfrench,123432
Pathfinder2e,123392
blackladies,123329
blackops3,123249
unity,123217
TrueSTL,123026
oakland,122900
antitrampo,122829
PlanetZoo,122826
Healthygamergg,122563
BlueArchive,122474
DoctorWhumour,122380
Concrete,122252
dragonquest,122165
Lexus,121984
AMDHelp,121967
hvacadvice,121876
nespresso,121602
Office365,121524
wowservers,121417
vozforums,121348
AusFemaleFashion,121107
floorplan,120996
trucksim,120946
AmazonFC,120846
lostpause,120837
suits,120775
koreatravel,120710
TheoVon,120606
MHRise,120491
PFSENSE,120409
canberra,120162
Kaiserreich,119855
UofT,119733
macbook,119685
dropshipping,119628
swift,119531
stupidquestions,119448
uBlockOrigin,119054
yeezys,118998
Chainsawfolk,118977
nus,118960
3dspiracy,118861
sunraybee,118825
madisonwi,118780
HouseMD,118453
bioinformatics,118449
R6ProLeague,118272
PlantsVSZombies,118008
fitbit,118002
kde,117900
EpicGamesPC,117764
PlusSize,117746
evolution,117746
milwaukee,117712
4Runner,117660
AcademicBiblical,117627
Ningen,117618
CPTSDmemes,117600
Roll20,117512
Maine,117488
acting,117464
MonsterHunterMeta,117443
SNKRS,117441
CompetitiveApex,117284
WestSubEver,117274
CreditCardsIndia,117238
HorrorGaming,117234
rccars,117230
DarkAndDarker,117167
totalwarhammer,117089
HypixelSkyblock,116975
Hamilton,116932
FireEmblemThreeHouses,116926
rollercoasters,116839
saltierthancrait,116687
github,116118
crtgaming,116042
Bolehland,116026
MilwaukeeTool,115822
fragranceclones,115813
robloxgamedev,115615
BanPitBulls,115513
MarvelStrikeForce,115444
Ultrakill,115307
Jungle_Mains,115265
cremposting,115082
Brazil,115010
Vermintide,114930
PrideAndPinion,114851
newhampshire,114731
barista,114674
PcBuildHelp,114513
depressionmeals,114439
fpv,114402
gis,114251
Dimension20,114047
Daredevil,114009
CATHELP,114002
wunkus,113951
TMNT,113660
Genshin_Lore,113569
VitaPiracy,113435
VeganDE,113161
Losercity,113150
cs50,113012
TalkTherapy,112996
grandrapids,112989
emergencymedicine,112777
Proxmox,112591
linguisticshumor,112206
Gloomhaven,112131
Buffalo,112070
ApexUncovered,112009
vfx,111997
arbeitsleben,111930
AustralianNostalgia,111908
TheSims4Mods,111846
Chipotle,111634
Rowing,111448
F1NN5TER,111441
fantasyromance,111370
vuejs,111359
greenday,111317
step1,111315
GeForceNOW,111256
Cinema4D,111193
degoogle,111145
workingmoms,111099
filmes,111078
GolfGTI,111037
ccna,110989
religion,110870
Nioh,110481
Judaism,110444
Howtolooksmax,110196
samharris,110078
unpopularkpopopinions,109853
Louisville,109793
chicagofood,109719
HuTao_Mains,109659
SBCGaming,109650
cemu,109333
humblebundles,109321
MarkMyWords,109241
AskMeuf,109174
ASUS,108890
AWSCertifications,108768
livesound,108745
steelseries,108579
verizon,108504
AsianParentStories,108466
JapanFinance,108293
MeJulgue,108286
fosscad,108239
londonontario,108231
UFOB,108185
magicthecirclejerking,108168
hoggit,108167
Fedora,108114
deftones,107885
TwoBestFriendsPlay,107877
FulfillmentByAmazon,107825
ShareYourSelfie,107539
Semaglutide,107513
BeelcitosMemes,107368
real_China_irl,107247
howardstern,107084
Wellington,106932
Luthier,106837
MaleSurvivingSpace,106811
srilanka,106699
SSBM,106668
ProjectSekai,106595
automobil,106553
GoodAssSub,106515
Lightroom,106345
nflcirclejerk,106341
TrueDoTA2,106324
WatchesCirclejerk,106320
girlsfrontline,106294
Wizard101,106285
CalamityMod,106279
CarAV,106231
RaidenMains,106114
Menopause,105996
discworld,105900
geoguessr,105896
albiononline,105780
HaloMemes,105580
Edgerunners,105420
PHbuildapc,105350
Subliminal,105192
shitpostemblem,105188
Butchery,105071
initiald,104915
quant,104875
dragrace,104680
homedefense,104621
Apartmentliving,104574
CapitalismVSocialism,104570
AncestryDNA,104287
FacebookAds,104110
ChemicalEngineering,104075
Colognes,104034
linuxmint,104016
millenials,103851
exjw,103845
ColoradoSprings,103798
UBC,103746
TheWalkingDeadGame,103694
WiiHacks,103620
BocchiTheRock,103601
gymsnark,103483
Ticos,103440
LineageOS,103339
chanceme,103171
baldursgate,103097
Rivian,102987
davinciresolve,102967
youtubetv,102896
ShieldAndroidTV,102862
Mistborn,102857
pchelp,102808
PersonalFinanceNZ,102679
energydrinks,102631
pkmntcg,102590
Moissanite,102452
NanatsunoTaizai,102328
neovim,102080
Tucson,101916
ReadyOrNotGame,101663
otomegames,101635
GenP,101584
Volvo,101511
macapps,101508
krita,101456
panelshow,101421
RealTesla,101409
FuturesTrading,101354
WarhammerFantasy,101349
DungeonMeshi,101324
Ferrari,101260
vermont,101219
FellingGoneWild,101159
lowendgaming,101158
jacksonville,101061
OmegaWatches,101054
csgomarketforum,100976
computadores,100970
CredibleDefense,100879
yuzu,100876
bathandbodyworks,100857
AskGaybrosOver30,100778
TorontoRealEstate,100680
okbuddybaldur,100598
EdmontonOilers,100298
behindthebastards,100122
Weddingattireapproval,100068
ElectricScooters,100057
UFObelievers,100005
boyslove,99945
fednews,99921
GunMemes,99873
cs2,99813
AmexPlatinum,99804
outerwilds,99750
Pikmin,99707
webhosting,99697
PokemonInfiniteFusion,99661
HomeDepot,99654
DiabloImmortal,99568
fcbayern,99424
ENGLISH,99318
VinlandSaga,99268
neopets,99210
JamesBond,99147
uwaterloo,99025
FUTMobile,98999
Invisalign,98953
VPNTorrents,98758
nextjs,98719
PokeInvesting,98612
nederlands,98426
workfromhome,98385
Logic_Studio,98331
Chivalry2,98156
honkaiimpact3,98019
OkBuddyPersona,97986
recruiting,97843
psx,97764
StVO,97594
NYCapartments,97497
TurkishCeleb,97481
javahelp,97412
Frasier,97395
f150,97376
regularcarreviews,97067
flatearth,97059
short,96985
insanepinoyfacebook,96970
Habs,96961
xbiking,96936
Big4,96783
Ozempic,96763
PetiteFitness,96718
commandline,96658
asheville,96631
memeframe,96619
dropout,96456
Roofing,96449
sphynx,96404
homestuck,96344
Dell,96235
CreatorsAdvice,96234
peyups,96230
killteam,96229
brave_browser,95853
twitchasians,95718
unitedairlines,95686
metroidvania,95649
movingtojapan,95339
CompetitiveEDH,95314
pixel_phones,95279
Vanderpumpaholics,95267
Championship,95189
PocoPhones,95118
esp32,95113
UIUC,95087
Jewdank,94967
musicians,94862
celestegame,94743
4kTV,94657
loblawsisoutofcontrol,94597
MadeInAbyss,94475
Nerf,94369
lemauvaiscoin,94251
LiesOfP,94191
ScottPilgrim,94180
Pathfinder_Kingmaker,93657
Renters,93651
Mounjaro,93650
Lawyertalk,93635
HerOneBag,93621
civic,93610
Mercari,93437
Banking,93333
IsraelPalestine,93171
OshiNoKo,93111
northernlion,92970
gnome,92881
TheLastOfUs2,92797
stupidpol,92718
cosmosnetwork,92625
unusual_whales,92615
IRS,92590
socialwork,92540
Warhammer30k,92417
MoneyDiariesACTIVE,92313
react,92281
CurseofStrahd,92251
medlabprofessionals,92158
Kibbe,92089
Mattress,92043
thesims4,91840
victoria2,91785
Flights,91776
ValveIndex,91744
ABCDesis,91493
Detailing,91474
rpcs3,91388
indiadiscussion,91325
vegaslocals,91296
AmericaBad,91282
ROGAlly,91275
Libraries,91195
Iceland,91128
TopCharacterDesigns,91088
OneyPlays,91006
Yugioh101,90956
hamburg,90954
Ulta,90894
highschool,90868
SchnitzelVerbrechen,90805
aspergirls,90644
ContraPoints,90557
inkarnate,90460
UkraineRussiaReport,90405
CAguns,90339
CamGirlProblems,90318
laravel,89917
yurimemes,89739
royalcaribbean,89729
XboxSeriesS,89680
PLC,89585
DolphinEmulator,89572
Cisco,89507
Isekai,89445
OnlyFaces,89400
memphis,89383
PartneredYoutube,89357
cancun,89278
mixingmastering,89268
evilautism,89199
ManyBaggers,89111
AskMiddleEast,88875
Kingdom,88851
Nijisanji,88847
Simracingstewards,88794
OSU,88794
OLED,88752
okbuddyphd,88540
FitGirlRepack,88488
OLED_Gaming,88421
turntables,88309
UCSD,88206
managers,88191
Bangkok,88156
Cordoba,88148
Palia,88079
casio,88024
gamemaker,88009
YoutubeMusic,87891
thelongdark,87869
CommercialsIHate,87741
AmazonDSPDrivers,87675
GERD,87557
USdefaultism,87440
desimemes,87375
Planetside,87316
Albuquerque,87211
SpaceXMasterrace,87196
ACCompetizione,87090
AmItheEx,87024
BicyclingCirclejerk,87023
debian,86966
9anime,86829
Diesel,86531
LooksmaxingAdvice,86524
RotMG,86514
HuntsvilleAlabama,86499
acecombat,86482
PokemonMasters,86420
climbergirls,86351
flask,86067
fightsticks,86064
Transgender_Surgeries,85928
comicbookcollecting,85912
memesopdidnotlike,85820
orks,85773
Maya,85714
femboymemes,85449
Alienware,85327
TheTraitors,85271
keyboards,85245
furniture,85230
Bestbuy,85198
Bowling,85042
trolleyproblem,84940
hardstyle,84930
Upwork,84911
Shittygamecollecting,84678
DeadSpace,84540
TechnoProduction,84528
Gta5Modding,84432
PrepperIntel,84407
indianmemer,84319
rusAskReddit,84307
Rochester,84303
woodstoving,84284
ucla,84267
KanojoOkarishimasu,84145
yandere,84008
Grimdawn,83996
mazda3,83665
askanelectrician,83633
antivirus,83497
conservativeterrorism,83469
australian,83455
AlienBodies,83388
Knoxville,83376
TombRaider,83297
IndiaTax,83259
Ring,83212
truespotify,83202
litrpg,83194
urbancarliving,83176
CookieClicker,83168
transit,83145
golpe,83130
bing,83043
ParadoxExtra,82888
UTAustin,82872
libgen,82872
lasercutting,82868
aoe4,82844
linuxhardware,82792
Flooring,82767
tales,82739
warthundermemes,82701
MSsEcReTPoDcAsT,82557
StremioAddons,82555
octopathtraveler,82385
powerrangers,82347
mushokutensei,82193
cpp_questions,82124
BachelorNation,82103
backpacks,81938
Kengan_Ashura,81917
TradingView,81891
AITA_WIBTA_PUBLIC,81885
ucf,81790
mendrawingwomen,81776
SwiftlyNeutral,81752
NarutoFanfiction,81665
whitecoatinvestor,81649
physicianassistant,81574
Stremio,81548
FortniteSavetheWorld,81468
nin,81381
SolidWorks,81377
MuslimMarriage,81325
Grapplerbaki,81267
SameGrassButGreener,81222
AnnArbor,81103
academia,81095
hazbin,80934
chemhelp,80913
WarCollege,80871
jerseycity,80805
robloxhackers,80783
Pickleball,80732
Btechtards,80668
GoodNotes,80559
Tau40K,80505
Necrontyr,80397
traaaaaaannnnnnnnnns2,80371
Klussers,80268
salesforce,80254
Daniellarson,80070
werkzaken,79974
ftlgame,79888
VisionPro,79854
Monsterverse,79773
Tyranids,79769
saskatoon,79759
OriginalCharacter,79734
FGOcomics,79669
conseiljuridique,79661
CPA,79641
dumbphones,79609
marriott,79603
ClipStudio,79588
Omaha,79493
SanDiegan,79486
kardashians,79388
mensfashionadvice,79314
ShuumatsuNoValkyrie,79302
AskALawyer,79110
resinprinting,79101
GalaxyFold,79013
PrintedWarhammer,78860
retirement,78685
DMZ,78655
inscryption,78554
CloneHero,78420
auslaw,78271
Megaman,78263
custommagic,78246
homesecurity,78139
poor,78035
controlgame,78020
MAFS_AU,77979
hotas,77955
FigmaDesign,77923
CreateMod,77866
Piratefolk,77840
TheAstraMilitarum,77778
FearAndHunger,77745
AusRenovation,77614
unRAID,77575
berlinsocialclub,77473
rav4club,77451
saskatchewan,77339
CollegeRant,77243
noita,77117
Salary,77029
Granblue_en,77016
ConselhosLegais,76997
whatsapp,76977
SleepToken,76701
pmp,76574
DarkBRANDON,76547
ShopeePH,76539
nyu,76505
AusProperty,76427
JamesHoffmann,76370
BattleBitRemastered,76365
ATT,76259
MonsterHigh,76103
IndianTeenagers,75989
asianamerican,75938
CanadianForces,75931
originalxbox,75871
deusasbrazil,75777
ScammerPayback,75713
ArgentinaBenderStyle,75680
AskMec,75660
pop_os,75654
TumblrDraws,75646
respectthreads,75531
OmniscientReader,75324
Angular2,75309
NBATalk,75188
AdviceForTeens,74837
RepublicadeChile,74762
hajimenoippo,74757
PrivacyGuides,74699
CDrama,74690
691,74617
GoblinSlayer,74609
Purdue,74578
GarminWatches,74529
git,74526
Bitwarden,74362
policeuk,74359
CanadaPublicServants,74330
SingaporeRaw,74096
NoContract,74050
prusa3d,74016
VGC,74002
LegaladviceGerman,73927
whoop,73871
Stonetossingjuice,73841
tokkiemarktplaats,73825
persona4golden,73786
TheMajorityReport,73679
l4d2,73653
MuslimLounge,73593
BasketballTips,73481
foxholegame,73315
2american4you,73287
TNOmod,73206
radarr,73205
ProgressionFantasy,73202
sony,73101
empleos_AR,73095
drivingUK,72996
pokemmo,72951
MurderDrones,72905
copypasta_es,72862
Gulong,72820
Frostpunk,72779
Oscars,72677
TheOCS,72624
emacs,72599
KamenRider,72412
BobsTavern,72384
Cr1TiKaL,72342
astoria,72271
PardonMyTake,72134
Darts,72056
consolerepair,72004
concursospublicos,71882
Hyundai,71778
Eugene,71708
americanairlines,71633
FACEITcom,71580
QuestPiracy,71540
FargoTV,71512
AntiTrumpAlliance,71473
macbookair,71467
waterloo,71333
lyftdrivers,71313
FacebookMarketplace,71207
CURRENCY,71207
ehlersdanlos,71116
Vinesauce,71061
OrthodoxChristianity,71010
SuperMegaShow,71002
SCCM,70951
AMCsAList,70898
animecirclejerk,70861
aznidentity,70810
AlanWake,70805
rutgers,70764
CallHerDaddy,70551
Dominos,70468
WowUI,70384
anno,70349
canadaguns,70280
Totaldrama,70161
NUFC,70147
explainitpeter,70043
GalaxyTab,70035
technicalminecraft,70019
Reaper,69863
Soda,69836
it,69590
Appliances,69435
lastfm,69368
KUWTKsnark,69360
ft86,69259
Zepbound,69215
Lenovo,69159
interviews,69035
GoogleMaps,69030
JanitorAI_Official,68934
4kbluray,68929
BBBY,68664
crusaderkings3,68604
askportland,68601
redrising,68530
MousepadReview,68520
DDLCMods,68503
HellsKitchen,68370
samsunggalaxy,68233
OnePieceTCG,68112
projecteternity,68086
orthotropics,67741
PunishingGrayRaven,67720
FrutigerAero,67684
SaintMeghanMarkle,67650
Diablo_2_Resurrected,67425
billsimmons,67392
Zwift,67338
commandandconquer,67139
FigureSkating,67018
Tech_Philippines,66939
coralisland,66911
artbusiness,66839
Cebu,66827
yeat_,66779
pearljam,66608
okkolegauposledzony,66574
McDonaldsEmployees,66529
Wealthsimple,66436
lotro,66388
Fusion360,66308
VaushV,66254
AsianMasculinity,66130
skyrimvr,66094
MicrosoftTeams,65888
eBaySellerAdvice,65805
instacart,65757
sonarr,65754
Jewish,65747
LawFirm,65719
Groningen,65687
PaMedicalMarijuana,65640
NightVision,65601
FoundryVTT,65594
slatestarcodex,65548
InternationalNews,65540
TrackMania,65539
sillygirlclub,65498
picrew,65496
SonsOfTheForest,65451
BuenosAires,65424
uber,65424
TowerofFantasy,65185
ProtonVPN,64887
bioniclelego,64877
linkedin,64863
LenovoLegion,64845
phmigrate,64845
ansible,64743
Mizkif,64585
RLCraft,64563
kitchener,64551
GoldenAgeMinecraft,64528
Aritzia,64496
ColdOnes,64381
ukvisa,64320
CVS,64279
dccomicscirclejerk,64261
okbuddyhololive,64129
rails,64030
allthemods,63864
TheEminenceInShadow,63844
Barotrauma,63535
RemarkableTablet,63391
thesimscc,63329
VindictaRateCelebs,63266
aggies,63214
paypal,63116
RealTimeStrategy,63053
Division2,63051
LearnerDriverUK,63048
MCUTheories,63043
DressForYourBody,62858
carnivorediet,62851
RoyaleHigh_Roblox,62807
DerechoGenial,62748
airplanes,62523
OlderThanYouThinkIAm,62492
SouthwestAirlines,62482
Silksong,62477
makeyourchoice,62436
bootroom,62425
Cornell,62318
PLTR,62287
dutch,62260
Mewing,62132
hellofresh,62082
MetalForTheMasses,62025
kia,61965
Lorcana,61950
jellyfin,61893
Marathon_Training,61858
covidlonghaulers,61726
MiyooMini,61501
Canada_sub,61451
ichbin40undSchwurbler,61442
PokemonSleep,61422
okbuddytrailblazer,61378
ps3homebrew,61368
Enshrouded,61365
mcgill,61341
battletech,61309
DecodingTheGurus,61308
wacom,61307
SonoBisqueDoll,61293
ubisoft,61272
VShojo,61198
Survivorio,61019
LGOLED,60923
VoteDEM,60810
Bellingham,60796
Layoffs,60776
craftsnark,60709
NFLNoobs,60557
ARAM,60511
languagelearningjerk,60505
10s,60372
starsector,60226
ErgoMechKeyboards,60217
conseilboulot,60210
skyscrapers,60132
Azubis,60087
sto,60083
AskChicago,60060
BeeSwarmSimulator,60033
MSI_Gaming,59903
Albany,59897
yuri_manga,59849
foodsafety,59614
OverwatchTMZ,59531
LaTeX,59434
Legoleak,59266
kaisamains,59261
RedWingShoes,59185
nordvpn,59181
SecurityClearance,59061
interactivebrokers,58939
decadeology,58847
audio,58667
ror2,58623
lianli,58538
thinkorswim,58525
BarefootRunning,58449
immobilier,58338
ohnePixel,58263
CK3AGOT,58227
FPGA,58151
PlaystationPortal,58016
drywall,57972
Sauna,57944
chch,57776
TheDeprogram,57724
newbrunswickcanada,57715
ASU,57678
pourover,57676
country,57611
biglaw,57552
hobbycnc,57496
BlueStacks,57294
Reverse1999,57185
googlesheets,57178
BehindTheClosetDoor,57153
911archive,57132
schizoposters,57120
uofm,57034
ANBERNIC,56966
Rivenmains,56859
PowerScaling,56815
SCJerk,56799
Optifine,56660
Laesterschwestern,56658
SocialSecurity,56615
snowboardingnoobs,56517
askdentists,56443
galaxybuds,56437
PharmacyTechnician,56418
2ndYomKippurWar,56407
Candles,56385
PhantomBorders,56291
ToyotaTundra,56255
Velo,56228
Dyson_Sphere_Program,56121
wordle,56104
ZephyrusG14,56026
MiniPCs,55963
codingbootcamp,55853
YuGiOhMasterDuel,55814
OneNote,55745
UPS,55633
Terraform,55561
furinamains,55554
NahOPwasrightfuckthis,55366
NonCredibleDiplomacy,55347
ASUSROG,55254
sims2,55203
everyoneknowsthat,55184
actuary,55183
CanadaHousing2,54986
pcgamingtechsupport,54887
browsers,54795
theworldnews,54704
KitchenNightmares,54680
ParisTravelGuide,54673
stellarblade,54666
OnePiecePowerScaling,54623
newcastle,54493
rainworld,54462
soldering,54379
Tenant,54368
HENRYUK,54317
boysarequirky,54065
UCI,54036
Comcast_Xfinity,53982
HealthInsurance,53802
BBallShoes,53709
h1b,53597
AeroPress,53536
Deusex,53494
LoveAndDeepspace,53357
CelsiusNetwork,53292
boutiquebluray,53066
udub,52987
ichbin14unddasisttief,52979
armenia,52898
blankies,52738
iphonehelp,52698
Step2,52583
GregDoucette,52566
USC,52548
UMD,52530
WhiteWolfRPG,52516
XiaoMains,52422
transgenderUK,52390
gurgaon,52330
prius,52252
MedievalDynasty,52230
fortinet,52070
thedavidpakmanshow,51899
lacamiseta,51898
MichaelJackson,51882
luciomains,51812
Intune,51798
RPGMaker,51785
MSILaptops,51613
TalesFromDF,51417
gatech,51405
torontoJobs,51402
retroid,51351
projectors,51298
Bluray,51282
ModelY,51186
CX5,51160
augmentedreality,51043
auscorp,50920
BandofBrothers,50840
CoffinofAndyandLeyley,50788
collegeresults,50623
AskALiberal,50429
VIDEOENGINEERING,50412
animationcareer,50403
NikkeOutpost,50371
HeroForgeMinis,50357
AntiTaff,50319
lookismcomic,50124
offset,50071
bose,49960
hbomberguy,49674
roguelites,49647
YMS,49595
PortlandOR,49567
SPTarkov,49514
IMGreddit,49488
okbuddygenshin,49301
ArcBrowser,49094
igcse,49075
Taiwanese,49052
ArlecchinoMains,49048
limbuscompany,48935
kobo,48902
CompanyOfHeroes,48837
TheDigitalCircus,48748
taylorandtravis,48746
saltierthankrayt,48721
McMaster,48448
SteamController,48294
Sparkdriver,48280
driving,48277
NoOneIsLooking,48273
DarkinFolk,48155
yorku,48138
kpop_uncensored,47885
Amtrak,47849
arcteryx,47746
ereader,47674
ChatGPTJailbreak,47647
Houdini,47570
gog,47545
CitiesSkylines2,47469
TibiaMMO,47422
FortniteXPMaps,47380
Boots,47344
TheCivilService,47317
chinalife,47240
WFHJobs,47229
LeaksDBD,46989
pokemonradicalred,46875
Living_in_Korea,46850
pokemonanime,46800
icecoast,46778
Falcom,46772
SS13,46764
PokemonUnbound,46723
deloitte,46690
iPhone15Pro,46609
ADCMains,46607
SonyHeadphones,46540
VacuumCleaners,46473
PizzaTower,46423
uAlberta,46363
k12sysadmin,46348
RogueTraderCRPG,46253
cyberpunkred,46223
anesthesiology,46165
friendlyjordies,46158
washdc,46106
NewHeights,46065
GaylorSwift,45993
PostgreSQL,45949
povertyfinancecanada,45914
OntarioUniversities,45764
TorontoDriving,45661
MelvorIdle,45595
Kagurabachi,45536
HairTransplants,45388
OeffentlicherDienst,45318
Fanatec,45259
UCDavis,45246
schrumpflation,45234
liseliler,45124
ender3v2,45124
ChineseWatches,45065
Schwab,44992
onednd,44843
X4Foundations,44799
ufl,44528
ffxivdiscussion,44524
PedroPeepos,44494
Bard,43990
warcraftrumble,43955
TropPeurDeDemander,43828
OMSCS,43749
FireflyMains,43695
GalaxyS23Ultra,43575
CAStateWorkers,43531
spiderman2,43319
juridischadvies,43284
Ryujinx,43227
AstroGaming,43221
GTA6_NEW,43205
IAmTheAsshole,43069
truenas,43052
railroading,42986
Urbanism,42985
SkyrimModsXbox,42818
OttawaSenators,42807
PatMcAfeeShowOfficial,42674
Earbuds,42432
LegionGo,42426
loreofleague,42278
barexam,42199
optometry,42178
WindowsHelp,42071
baldursgatememes,42045
KafkaMains,42028
DragRaceTea,42021
doctorsUK,41905
Hilton,41852
DailyShow,41846
revengestories,41827
HyperX,41739
gekte,41735
AirpodsPro,41712
Concordia,41604
FamilyMedicine,41592
oscarrace,41591
SamSulek,41579
AskTechnology,41575
feedthememes,41525
BudgetKeebs,41465
Soundbars,41432
newengland,41424
MxRThumbnails,41216
framework,41178
cataclysmdda,41161
canva,41066
Insta360,40905
glasses,40888
AdobeZii,40700
lashextensions,40692
Citra,40518
AllInclusiveResorts,40280
sofi,40260
dustythunder,40250
osr,40247
Discord_Bots,40225
FPSAimTrainer,40218
OfficeChairs,40202
macsysadmin,40125
PHMotorcycles,39944
enem,39941
UCalgary,39863
AppleVisionPro,39772
UCSC,39719
Keychron,39697
indesign,39655
LancerRPG,39592
vlandiya,39563
CrucibleGuidebook,39326
UCSantaBarbara,39226
BiologiaBrasil,39078
applewatchultra,39070
AustralianTeachers,39050
sveltejs,38965
LoveOnTheSpectrumShow,38739
MinecraftHelp,38723
radeon,38656
PassportPorn,38634
devsarg,38557
usanews,38534
exchangeserver,38500
Berghain_Community,38441
NovelAi,38366
PeterAttia,38332
BattleBrothers,38323
EmuDeck,38295
Forgotten_Realms,38279
NTU,38108
RealDebrid,38082
freemagic,38068
SakamotoDays,38014
ADVChina,37892
scienceisdope,37885
NYTConnections,37879
NationalServiceSG,37743
AcheronMainsHSR,37657
Republica_Argentina,37653
computerhelp,37642
FedEx,37639
CalebHammer,37437
SkullAndBonesGame,37298
mangapiracy,37276
batteries,37070
shitrentals,37013
moving,36990
SleeperApp,36959
signalis,36942
qBittorrent,36911
UPSers,36874
SemContexto,36637
popularopinion,36629
RG35XX,36560
tjournal_refugees,36526
vtm,36457
macmini,36399
Creality,36382
ESTILOZAP,36352
OnePieceSpoilers,36342
Spectrum,36232
tesco,36089
offerup,36042
Tarkov,36026
FioraMains,36003
DoorDashDrivers,35956
inearfidelity,35852
NEU,35700
imax,35699
deepwoken,35654
Osana,35544
cookware,35485
paloaltonetworks,35463
AQW,35296
BlueEyeSamurai,35242
comfyui,35218
StandingDesk,35067
thepassportbros,35016
wotlk,34988
uwo,34926
DubaiPetrolHeads,34852
ThrowingFits,34724
uktrains,34709
InsideMollywood,34473
Panera,34402
GranblueFantasyRelink,34385
BayernMunich,34357
DigimonCardGame2020,34240
ArAutos,34128
ITManagers,34093
klippers,33969
Airpodsmax,33940
supersentai,33871
Markham,33863
sennheiser,33833
BoltEV,33808
idleon,33806
SkyFactory,33762
monsterhunterrage,33654
PCRedDead,33649
1Password,33605
usps_complaints,33528
MyTimeAtSandrock,33526
MartialMemes,33524
WorkAdvice,33184
cognitiveTesting,32990
crowdstrike,32943
unsw,32937
specialed,32815
ProlificAc,32800
wowhardcore,32684
emulators,32665
youtubedl,32620
Zoom,32593
WireGuard,32513
binichderalman,32488
premedcanada,32427
hotels,32416
f1visa,32415
PSO2NGS,32341
Ioniq5,32290
GR86,32123
StarRailStation,32097
Calibre,32025
tires,32022
DeathBattleMatchups,32011
AnaloguePocket,31995
fanedits,31922
S22Ultra,31906
UrinatingTree,31780
gigabyte,31730
LOOK_CHINA,31725
GMail,31724
geegees,31669
riotgames,31586
Kindred,31515
Felons,31451
askSouthAfrica,31397
Chase,31376
Adblock,31129
SuicideSquadGaming,31088
PoppyPlaytime,30864
8bitdo,30656
minecraftclients,30634
UsbCHardware,30462
hermanmiller,30439
Csgohacks,30405
printers,30255
OntarioLandlord,30243
programiranje,30186
SubstituteTeachers,30109
TTVreborn,29976
GranblueFantasyVersus,29971
AskProfessors,29897
uniqlo,29794
anker,29758
TimHortons,29732
cloudygamer,29563
bokunokokoro,29550
YoneMains,29537
S24Ultra,29504
UKcoins,29442
LangChain,29427
GalaxyS23,29418
NixOS,29405
TaylorSwiftJets,29330
JSOCarchive,29313
ExecutiveAssistants,29254
RobloxHelp,29146
lrcast,29057
TheCinemassacreTruth,28959
2hujerk,28948
elgato,28885
tsa,28792
kaiserredux,28776
okbuddyvowsh,28535
BritishAirways,28319
aircanada,28302
saturdaynightlive,28291
royalmail,28235
NeuvilletteMains_,28176
SillyTavernAI,28121
ck3,28034
Schaffrillas,28025
MauLer,27844
Tailors,27809
ArgenGaming,27761
ModdedMinecraft,27634
Law_and_Politics,27633
Teenager_Polls,27558
KusuriyaNoHitorigoto,27353
iPhone14Pro,27263
AutoHotkey,27220
OptimizedGaming,27215
VaultHuntersMinecraft,27189
Aurelion_Sol_mains,27180
universityofauckland,27107
NFLv2,27058
deathbattle,27045
mintuit,27024
CapCut,27015
LobotomyCorp,26862
persona3reload,26791
housekeeping,26607
cscareerquestionsCAD,26536
EmulationOnPC,26386
AskSerbia,26341
datarecovery,26222
Slack,26199
bashonubuntuonwindows,26112
Vivziepopmemes,26083
TorontoRenting,26082
Nmpx,26072
blueprint_,26063
WormFanfic,26058
stateball,26039
FortniteFestival,25909
BurlingtonON,25828
OdinHandheld,25823
BurgerKing,25579
PercyJacksonTV,25572
reddithelp,25532
AusPublicService,25487
OperaGX,25477
TrueSwifties,25289
BayAreaRealEstate,25250
unt,25102
buildapcmonitors,25063
gsuite,24921
slaytheprincess,24886
powerpoint,24855
kindergarten,24769
Skigear,24647
deadisland,24624
libraryofruina,24616
Passports,24249
TheMoneyGuy,24024
gigabytegaming,23947
richmondbc,23895
MicrosoftEdge,23742
CloudFlare,23662
GalaxyS24Ultra,23494
TheGirlsNextLevelPod,23432
Stormgate,23403
Anbennar,23312
SlumlordsCanada,23276
Careers,23264
CanadaPost,23234
brotato,23203
LegalAdviceNZ,23181
Against_the_Storm,23145
ZeroCovidCommunity,23129
logitech,23080
baguio,23077
dataannotation,22949
FAFSA,22819
OntarioGrade12s,22502
fishtanklive,22496
desmos,22495
mtgrules,22488
ASRock,22354
idlechampions,22244
MonarchMoney,22198
Waiters,22145
QuebecLibre,22111
ATLAtv,22047
ThredUp,22022
Outlook,22012
TheCurse,21998
RenPy,21959
ValorantTechSupport,21886
RobotVacuums,21630
uklandlords,21613
2anatolia4you,21525
AskTeachers,21498
Tailscale,21071
UndeadUnluck,20855
h3snark,20807
Xreal,20745
deliveroos,20642
fabricmc,20580
Aether_Mains,20402
Ultraleft,20364
infinitecraft,20354
selbststaendig,20326
norske,20076
SparkleMains,19208
warno,19202
operabrowser,19163
heatpumps,19125
hyprland,18995
nexusmods,18914
BrownDust2Official,18846
AmazonVine,18485
Singlesinferno2,18410
OctopusEnergy,18377
cheatengine,18314
oratory1990,18225
SnowbreakOfficial,18156
kpopnoir,17882
ffmpeg,17824
SchlechteFrage,17810
queenstown,17678
PathofChampions,17670
Netsuite,17613
BlueskySocial,17592
UTM,17401
Controller,17389
karensoftiktok,17122
MastersoftheAir,16304
fansofcriticalrole,16225
sealedmtgdeals,16221
UndertaleYellow,16114
kijiji,16101
Teddy,15919
EldenRingMods,15775
JumpChain,15449
TurboTax,15377
MichaelsEmployees,15335
VLC,15279
TheOdysseyHadAPurpose,15201
PalMemes,15060
Popeyes,14975
ThursdayBoot,14688
RWBYcritics,14643
InteractiveCYOA,14561
TokyoTravel,14531
Supabase,14432
CarSalesTraining,14292
frontierairlines,13671
PalWorldEngineering,13549
uscanadaborder,13547
windows7,13447
handbrake,12926
byu,12827
BlackSwanMains_HSR,12664
bahn,12612
hospitalist,12465
dewrim,12253
Chilis,12035
JingYuanMains,11964
prime,11791
opus_magnum,11575
japanpeopletwitter,11479
insomniacleaks,11183
otvandfriendsrumors,10998
CurseForge,10648
DS4Windows,10599
FuckTAA,10551
DownSouth,10478
NintendoSwitchBoxArt,10067
BetterDiscord,9891
DanhengMains,9860
ChioriMains,9671
QuestPro,9036
DrRatioMainsHSR,8944
GeForceExperience,8538
MicrosoftWord,7799
SUMC,7052
CloudRetainerMains,7044
santaclara,6424
steamsupport,6328
SpeziVerbrechenDE,6265
SmolderMains,6136
VtubersReal,5591
MITAdmissions,5061
TheCompletionist2,4822
Ravendawn,4601
FAFO,2316
